platform,account_name,date,followers,following,post_count
X,demo_own_x,2026-07-07,1200,100,1
INSTAGRAM,demo_own_instagram,2026-07-07,800,100,1
X,demo_own_x,2026-07-08,1203,100,2
INSTAGRAM,demo_own_instagram,2026-07-08,803,100,2
X,demo_own_x,2026-07-09,1206,100,3
INSTAGRAM,demo_own_instagram,2026-07-09,806,100,3
X,demo_own_x,2026-07-10,1209,100,4
INSTAGRAM,demo_own_instagram,2026-07-10,809,100,4
X,demo_own_x,2026-07-11,1212,100,5
INSTAGRAM,demo_own_instagram,2026-07-11,812,100,5
X,demo_own_x,2026-07-12,1215,100,6
INSTAGRAM,demo_own_instagram,2026-07-12,815,100,6
X,demo_own_x,2026-07-13,1218,100,7
INSTAGRAM,demo_own_instagram,2026-07-13,818,100,7
X,demo_own_x,2026-07-14,1221,100,8
INSTAGRAM,demo_own_instagram,2026-07-14,821,100,8
X,demo_own_x,2026-07-15,1224,100,9
INSTAGRAM,demo_own_instagram,2026-07-15,824,100,9
X,demo_own_x,2026-07-16,1227,100,10
INSTAGRAM,demo_own_instagram,2026-07-16,827,100,10
X,demo_own_x,2026-07-17,1230,100,11
INSTAGRAM,demo_own_instagram,2026-07-17,830,100,11
X,demo_own_x,2026-07-18,1233,100,12
INSTAGRAM,demo_own_instagram,2026-07-18,833,100,12
X,demo_own_x,2026-07-19,1236,100,13
INSTAGRAM,demo_own_instagram,2026-07-19,836,100,13
X,demo_own_x,2026-07-20,1239,100,14
INSTAGRAM,demo_own_instagram,2026-07-20,839,100,14
X,demo_own_x,2026-07-21,1242,100,15
INSTAGRAM,demo_own_instagram,2026-07-21,842,100,15
X,demo_own_x,2026-07-22,1245,101,16
INSTAGRAM,demo_own_instagram,2026-07-22,845,101,16
X,demo_own_x,2026-07-23,1248,101,17
INSTAGRAM,demo_own_instagram,2026-07-23,848,101,17
X,demo_own_x,2026-07-24,1251,101,18
INSTAGRAM,demo_own_instagram,2026-07-24,851,101,18
X,demo_own_x,2026-07-25,1254,101,19
INSTAGRAM,demo_own_instagram,2026-07-25,854,101,19
X,demo_own_x,2026-07-26,1257,101,20
INSTAGRAM,demo_own_instagram,2026-07-26,857,101,20
X,demo_own_x,2026-07-27,1260,101,21
INSTAGRAM,demo_own_instagram,2026-07-27,860,101,21
X,demo_own_x,2026-07-28,1263,101,22
INSTAGRAM,demo_own_instagram,2026-07-28,863,101,22
X,demo_own_x,2026-07-29,1266,101,23
INSTAGRAM,demo_own_instagram,2026-07-29,866,101,23
X,demo_own_x,2026-07-30,1269,101,24
INSTAGRAM,demo_own_instagram,2026-07-30,869,101,24
X,demo_own_x,2026-07-31,1272,101,25
INSTAGRAM,demo_own_instagram,2026-07-31,872,101,25
X,demo_own_x,2026-08-01,1275,101,26
INSTAGRAM,demo_own_instagram,2026-08-01,875,101,26
X,demo_own_x,2026-08-02,1278,101,27
INSTAGRAM,demo_own_instagram,2026-08-02,878,101,27
X,demo_own_x,2026-08-03,1281,101,28
INSTAGRAM,demo_own_instagram,2026-08-03,881,101,28
X,demo_own_x,2026-08-04,1284,101,29
INSTAGRAM,demo_own_instagram,2026-08-04,884,101,29
X,demo_own_x,2026-08-05,1287,101,30
INSTAGRAM,demo_own_instagram,2026-08-05,887,101,30
X,demo_own_x,2026-08-06,1290,102,31
INSTAGRAM,demo_own_instagram,2026-08-06,890,102,31
X,demo_own_x,2026-08-07,1293,102,32
INSTAGRAM,demo_own_instagram,2026-08-07,893,102,32
X,demo_own_x,2026-08-08,1296,102,33
INSTAGRAM,demo_own_instagram,2026-08-08,896,102,33
X,demo_own_x,2026-08-09,1299,102,34
INSTAGRAM,demo_own_instagram,2026-08-09,899,102,34
X,demo_own_x,2026-08-10,1302,102,35
INSTAGRAM,demo_own_instagram,2026-08-10,902,102,35
X,demo_own_x,2026-08-11,1305,102,36
INSTAGRAM,demo_own_instagram,2026-08-11,905,102,36
X,demo_own_x,2026-08-12,1308,102,37
INSTAGRAM,demo_own_instagram,2026-08-12,908,102,37
X,demo_own_x,2026-08-13,1311,102,38
INSTAGRAM,demo_own_instagram,2026-08-13,911,102,38
X,demo_own_x,2026-08-14,1314,102,39
INSTAGRAM,demo_own_instagram,2026-08-14,914,102,39
X,demo_own_x,2026-08-15,1317,102,40
INSTAGRAM,demo_own_instagram,2026-08-15,917,102,40
X,demo_own_x,2026-08-16,1320,102,41
INSTAGRAM,demo_own_instagram,2026-08-16,920,102,41
X,demo_own_x,2026-08-17,1323,102,42
INSTAGRAM,demo_own_instagram,2026-08-17,923,102,42
X,demo_own_x,2026-08-18,1326,102,43
INSTAGRAM,demo_own_instagram,2026-08-18,926,102,43
X,demo_own_x,2026-08-19,1329,102,44
INSTAGRAM,demo_own_instagram,2026-08-19,929,102,44
X,demo_own_x,2026-08-20,1332,102,45
INSTAGRAM,demo_own_instagram,2026-08-20,932,102,45
X,demo_own_x,2026-08-21,1335,103,46
INSTAGRAM,demo_own_instagram,2026-08-21,935,103,46
X,demo_own_x,2026-08-22,1338,103,47
INSTAGRAM,demo_own_instagram,2026-08-22,938,103,47
X,demo_own_x,2026-08-23,1341,103,48
INSTAGRAM,demo_own_instagram,2026-08-23,941,103,48
X,demo_own_x,2026-08-24,1344,103,49
INSTAGRAM,demo_own_instagram,2026-08-24,944,103,49
X,demo_own_x,2026-08-25,1347,103,50
INSTAGRAM,demo_own_instagram,2026-08-25,947,103,50
X,demo_own_x,2026-08-26,1350,103,51
INSTAGRAM,demo_own_instagram,2026-08-26,950,103,51
X,demo_own_x,2026-08-27,1353,103,52
INSTAGRAM,demo_own_instagram,2026-08-27,953,103,52
X,demo_own_x,2026-08-28,1356,103,53
INSTAGRAM,demo_own_instagram,2026-08-28,956,103,53
X,demo_own_x,2026-08-29,1359,103,54
INSTAGRAM,demo_own_instagram,2026-08-29,959,103,54
X,demo_own_x,2026-08-30,1362,103,55
INSTAGRAM,demo_own_instagram,2026-08-30,962,103,55
X,demo_own_x,2026-08-31,1365,103,56
INSTAGRAM,demo_own_instagram,2026-08-31,965,103,56
X,demo_own_x,2026-09-01,1368,103,57
INSTAGRAM,demo_own_instagram,2026-09-01,968,103,57
X,demo_own_x,2026-09-02,1371,103,58
INSTAGRAM,demo_own_instagram,2026-09-02,971,103,58
X,demo_own_x,2026-09-03,1374,103,59
INSTAGRAM,demo_own_instagram,2026-09-03,974,103,59
X,demo_own_x,2026-09-04,1377,103,60
INSTAGRAM,demo_own_instagram,2026-09-04,977,103,60
X,demo_own_x,2026-09-05,1380,104,61
INSTAGRAM,demo_own_instagram,2026-09-05,980,104,61
X,demo_own_x,2026-09-06,1383,104,62
INSTAGRAM,demo_own_instagram,2026-09-06,983,104,62
X,demo_own_x,2026-09-07,1386,104,63
INSTAGRAM,demo_own_instagram,2026-09-07,986,104,63
X,demo_own_x,2026-09-08,1389,104,64
INSTAGRAM,demo_own_instagram,2026-09-08,989,104,64
X,demo_own_x,2026-09-09,1392,104,65
INSTAGRAM,demo_own_instagram,2026-09-09,992,104,65
X,demo_own_x,2026-09-10,1395,104,66
INSTAGRAM,demo_own_instagram,2026-09-10,995,104,66
X,demo_own_x,2026-09-11,1398,104,67
INSTAGRAM,demo_own_instagram,2026-09-11,998,104,67
X,demo_own_x,2026-09-12,1401,104,68
INSTAGRAM,demo_own_instagram,2026-09-12,1001,104,68
X,demo_own_x,2026-09-13,1404,104,69
INSTAGRAM,demo_own_instagram,2026-09-13,1004,104,69
X,demo_own_x,2026-09-14,1407,104,70
INSTAGRAM,demo_own_instagram,2026-09-14,1007,104,70
X,demo_own_x,2026-09-15,1410,104,71
INSTAGRAM,demo_own_instagram,2026-09-15,1010,104,71
X,demo_own_x,2026-09-16,1413,104,72
INSTAGRAM,demo_own_instagram,2026-09-16,1013,104,72
X,demo_own_x,2026-09-17,1416,104,73
INSTAGRAM,demo_own_instagram,2026-09-17,1016,104,73
X,demo_own_x,2026-09-18,1419,104,74
INSTAGRAM,demo_own_instagram,2026-09-18,1019,104,74
X,demo_own_x,2026-09-19,1422,104,75
INSTAGRAM,demo_own_instagram,2026-09-19,1022,104,75
X,demo_own_x,2026-09-20,1425,105,76
INSTAGRAM,demo_own_instagram,2026-09-20,1025,105,76
X,demo_own_x,2026-09-21,1428,105,77
INSTAGRAM,demo_own_instagram,2026-09-21,1028,105,77
X,demo_own_x,2026-09-22,1431,105,78
INSTAGRAM,demo_own_instagram,2026-09-22,1031,105,78
X,demo_own_x,2026-09-23,1434,105,79
INSTAGRAM,demo_own_instagram,2026-09-23,1034,105,79
X,demo_own_x,2026-09-24,1437,105,80
INSTAGRAM,demo_own_instagram,2026-09-24,1037,105,80
X,demo_own_x,2026-09-25,1440,105,81
INSTAGRAM,demo_own_instagram,2026-09-25,1040,105,81
X,demo_own_x,2026-09-26,1443,105,82
INSTAGRAM,demo_own_instagram,2026-09-26,1043,105,82
X,demo_own_x,2026-09-27,1446,105,83
INSTAGRAM,demo_own_instagram,2026-09-27,1046,105,83
X,demo_own_x,2026-09-28,1449,105,84
INSTAGRAM,demo_own_instagram,2026-09-28,1049,105,84
X,demo_own_x,2026-09-29,1452,105,85
INSTAGRAM,demo_own_instagram,2026-09-29,1052,105,85
X,demo_own_x,2026-09-30,1455,105,86
INSTAGRAM,demo_own_instagram,2026-09-30,1055,105,86
X,demo_own_x,2026-10-01,1458,105,87
INSTAGRAM,demo_own_instagram,2026-10-01,1058,105,87
X,demo_own_x,2026-10-02,1461,105,88
INSTAGRAM,demo_own_instagram,2026-10-02,1061,105,88
X,demo_own_x,2026-10-03,1464,105,89
INSTAGRAM,demo_own_instagram,2026-10-03,1064,105,89
X,demo_own_x,2026-10-04,1467,105,90
INSTAGRAM,demo_own_instagram,2026-10-04,1067,105,90
