platform,account_name,post_id,posted_at,text,media_type,views,likes,comments,shares,followers
X,demo_competitor_x_01,demo-comp-0-000-0,2026-07-07T12:00:00Z,架空競合 生成AI研究 ✨,TEXT,900,30,6,4,2400
X,demo_competitor_x_01,demo-comp-0-000-1,2026-07-07T12:00:00Z,架空競合 効率化実験 ✨,IMAGE,900,30,6,4,2400
X,demo_competitor_x_01,demo-comp-0-000-2,2026-07-07T12:00:00Z,架空競合 エージェント検証 ✨,TEXT,900,30,6,4,2400
X,demo_competitor_x_02,demo-comp-1-000-0,2026-07-07T12:00:00Z,架空競合 エージェント検証 ✨,TEXT,1100,80,8,5,1700
X,demo_competitor_x_02,demo-comp-1-000-1,2026-07-07T12:00:00Z,架空競合 分析ノート ✨,IMAGE,1100,80,8,5,1700
INSTAGRAM,demo_competitor_instagram_01,demo-comp-2-000-0,2026-07-07T12:00:00Z,架空競合 動画ラボ ✨,VIDEO,1300,55,10,6,950
X,demo_competitor_x_01,demo-comp-0-001-0,2026-07-08T12:00:00Z,架空競合 効率化実験 ✨,TEXT,900,31,6,4,2401
X,demo_competitor_x_01,demo-comp-0-001-1,2026-07-08T12:00:00Z,架空競合 エージェント検証 ✨,IMAGE,900,31,6,4,2401
X,demo_competitor_x_01,demo-comp-0-001-2,2026-07-08T12:00:00Z,架空競合 分析ノート ✨,TEXT,900,31,6,4,2401
X,demo_competitor_x_02,demo-comp-1-001-0,2026-07-08T12:00:00Z,架空競合 分析ノート ✨,TEXT,1100,81,8,5,1702
X,demo_competitor_x_02,demo-comp-1-001-1,2026-07-08T12:00:00Z,架空競合 動画ラボ ✨,IMAGE,1100,81,8,5,1702
INSTAGRAM,demo_competitor_instagram_01,demo-comp-2-001-0,2026-07-08T12:00:00Z,架空競合 運用メモ ✨,VIDEO,1300,56,10,6,953
X,demo_competitor_x_01,demo-comp-0-002-0,2026-07-09T12:00:00Z,架空競合 エージェント検証 ✨,TEXT,900,32,6,4,2402
X,demo_competitor_x_01,demo-comp-0-002-1,2026-07-09T12:00:00Z,架空競合 分析ノート ✨,IMAGE,900,32,6,4,2402
X,demo_competitor_x_01,demo-comp-0-002-2,2026-07-09T12:00:00Z,架空競合 動画ラボ ✨,TEXT,900,32,6,4,2402
X,demo_competitor_x_02,demo-comp-1-002-0,2026-07-09T12:00:00Z,架空競合 動画ラボ ✨,TEXT,1100,82,8,5,1704
X,demo_competitor_x_02,demo-comp-1-002-1,2026-07-09T12:00:00Z,架空競合 運用メモ ✨,IMAGE,1100,82,8,5,1704
INSTAGRAM,demo_competitor_instagram_01,demo-comp-2-002-0,2026-07-09T12:00:00Z,架空競合 生成AI研究 ✨,VIDEO,1300,57,10,6,956
X,demo_competitor_x_01,demo-comp-0-003-0,2026-07-10T12:00:00Z,架空競合 分析ノート ✨,TEXT,900,33,6,4,2403
X,demo_competitor_x_01,demo-comp-0-003-1,2026-07-10T12:00:00Z,架空競合 動画ラボ ✨,IMAGE,900,33,6,4,2403
X,demo_competitor_x_01,demo-comp-0-003-2,2026-07-10T12:00:00Z,架空競合 運用メモ ✨,TEXT,900,33,6,4,2403
X,demo_competitor_x_02,demo-comp-1-003-0,2026-07-10T12:00:00Z,架空競合 運用メモ ✨,TEXT,1100,83,8,5,1706
X,demo_competitor_x_02,demo-comp-1-003-1,2026-07-10T12:00:00Z,架空競合 生成AI研究 ✨,IMAGE,1100,83,8,5,1706
INSTAGRAM,demo_competitor_instagram_01,demo-comp-2-003-0,2026-07-10T12:00:00Z,架空競合 効率化実験 ✨,VIDEO,1300,58,10,6,959
X,demo_competitor_x_01,demo-comp-0-004-0,2026-07-11T12:00:00Z,架空競合 動画ラボ ✨,TEXT,900,34,6,4,2404
X,demo_competitor_x_01,demo-comp-0-004-1,2026-07-11T12:00:00Z,架空競合 運用メモ ✨,IMAGE,900,34,6,4,2404
X,demo_competitor_x_01,demo-comp-0-004-2,2026-07-11T12:00:00Z,架空競合 生成AI研究 ✨,TEXT,900,34,6,4,2404
X,demo_competitor_x_02,demo-comp-1-004-0,2026-07-11T12:00:00Z,架空競合 生成AI研究 ✨,TEXT,1100,84,8,5,1708
X,demo_competitor_x_02,demo-comp-1-004-1,2026-07-11T12:00:00Z,架空競合 効率化実験 ✨,IMAGE,1100,84,8,5,1708
INSTAGRAM,demo_competitor_instagram_01,demo-comp-2-004-0,2026-07-11T12:00:00Z,架空競合 エージェント検証 ✨,VIDEO,1300,59,10,6,962
X,demo_competitor_x_01,demo-comp-0-005-0,2026-07-12T12:00:00Z,架空競合 運用メモ ✨,TEXT,900,35,6,4,2405
X,demo_competitor_x_01,demo-comp-0-005-1,2026-07-12T12:00:00Z,架空競合 生成AI研究 ✨,IMAGE,900,35,6,4,2405
X,demo_competitor_x_01,demo-comp-0-005-2,2026-07-12T12:00:00Z,架空競合 効率化実験 ✨,TEXT,900,35,6,4,2405
X,demo_competitor_x_02,demo-comp-1-005-0,2026-07-12T12:00:00Z,架空競合 効率化実験 ✨,TEXT,1100,85,8,5,1710
X,demo_competitor_x_02,demo-comp-1-005-1,2026-07-12T12:00:00Z,架空競合 エージェント検証 ✨,IMAGE,1100,85,8,5,1710
INSTAGRAM,demo_competitor_instagram_01,demo-comp-2-005-0,2026-07-12T12:00:00Z,架空競合 分析ノート ✨,VIDEO,1300,60,10,6,965
X,demo_competitor_x_01,demo-comp-0-006-0,2026-07-13T12:00:00Z,架空競合 生成AI研究 ✨,TEXT,900,36,6,4,2406
X,demo_competitor_x_01,demo-comp-0-006-1,2026-07-13T12:00:00Z,架空競合 効率化実験 ✨,IMAGE,900,36,6,4,2406
X,demo_competitor_x_01,demo-comp-0-006-2,2026-07-13T12:00:00Z,架空競合 エージェント検証 ✨,TEXT,900,36,6,4,2406
X,demo_competitor_x_02,demo-comp-1-006-0,2026-07-13T12:00:00Z,架空競合 エージェント検証 ✨,TEXT,1100,86,8,5,1712
X,demo_competitor_x_02,demo-comp-1-006-1,2026-07-13T12:00:00Z,架空競合 分析ノート ✨,IMAGE,1100,86,8,5,1712
INSTAGRAM,demo_competitor_instagram_01,demo-comp-2-006-0,2026-07-13T12:00:00Z,架空競合 動画ラボ ✨,VIDEO,1300,61,10,6,968
X,demo_competitor_x_01,demo-comp-0-007-0,2026-07-14T12:00:00Z,架空競合 効率化実験 ✨,TEXT,900,37,6,4,2407
X,demo_competitor_x_01,demo-comp-0-007-1,2026-07-14T12:00:00Z,架空競合 エージェント検証 ✨,IMAGE,900,37,6,4,2407
X,demo_competitor_x_01,demo-comp-0-007-2,2026-07-14T12:00:00Z,架空競合 分析ノート ✨,TEXT,900,37,6,4,2407
X,demo_competitor_x_02,demo-comp-1-007-0,2026-07-14T12:00:00Z,架空競合 分析ノート ✨,TEXT,1100,87,8,5,1714
X,demo_competitor_x_02,demo-comp-1-007-1,2026-07-14T12:00:00Z,架空競合 動画ラボ ✨,IMAGE,1100,87,8,5,1714
INSTAGRAM,demo_competitor_instagram_01,demo-comp-2-007-0,2026-07-14T12:00:00Z,架空競合 運用メモ ✨,VIDEO,1300,62,10,6,971
X,demo_competitor_x_01,demo-comp-0-008-0,2026-07-15T12:00:00Z,架空競合 エージェント検証 ✨,TEXT,900,38,6,4,2408
X,demo_competitor_x_01,demo-comp-0-008-1,2026-07-15T12:00:00Z,架空競合 分析ノート ✨,IMAGE,900,38,6,4,2408
X,demo_competitor_x_01,demo-comp-0-008-2,2026-07-15T12:00:00Z,架空競合 動画ラボ ✨,TEXT,900,38,6,4,2408
X,demo_competitor_x_02,demo-comp-1-008-0,2026-07-15T12:00:00Z,架空競合 動画ラボ ✨,TEXT,1100,88,8,5,1716
X,demo_competitor_x_02,demo-comp-1-008-1,2026-07-15T12:00:00Z,架空競合 運用メモ ✨,IMAGE,1100,88,8,5,1716
INSTAGRAM,demo_competitor_instagram_01,demo-comp-2-008-0,2026-07-15T12:00:00Z,架空競合 生成AI研究 ✨,VIDEO,1300,63,10,6,974
X,demo_competitor_x_01,demo-comp-0-009-0,2026-07-16T12:00:00Z,架空競合 分析ノート ✨,TEXT,900,39,6,4,2409
X,demo_competitor_x_01,demo-comp-0-009-1,2026-07-16T12:00:00Z,架空競合 動画ラボ ✨,IMAGE,900,39,6,4,2409
X,demo_competitor_x_01,demo-comp-0-009-2,2026-07-16T12:00:00Z,架空競合 運用メモ ✨,TEXT,900,39,6,4,2409
X,demo_competitor_x_02,demo-comp-1-009-0,2026-07-16T12:00:00Z,架空競合 運用メモ ✨,TEXT,1100,89,8,5,1718
X,demo_competitor_x_02,demo-comp-1-009-1,2026-07-16T12:00:00Z,架空競合 生成AI研究 ✨,IMAGE,1100,89,8,5,1718
INSTAGRAM,demo_competitor_instagram_01,demo-comp-2-009-0,2026-07-16T12:00:00Z,架空競合 効率化実験 ✨,VIDEO,1300,64,10,6,977
X,demo_competitor_x_01,demo-comp-0-010-0,2026-07-17T12:00:00Z,架空競合 動画ラボ ✨,TEXT,900,40,6,4,2410
X,demo_competitor_x_01,demo-comp-0-010-1,2026-07-17T12:00:00Z,架空競合 運用メモ ✨,IMAGE,900,40,6,4,2410
X,demo_competitor_x_01,demo-comp-0-010-2,2026-07-17T12:00:00Z,架空競合 生成AI研究 ✨,TEXT,900,40,6,4,2410
X,demo_competitor_x_02,demo-comp-1-010-0,2026-07-17T12:00:00Z,架空競合 生成AI研究 ✨,TEXT,1100,90,8,5,1720
X,demo_competitor_x_02,demo-comp-1-010-1,2026-07-17T12:00:00Z,架空競合 効率化実験 ✨,IMAGE,1100,90,8,5,1720
INSTAGRAM,demo_competitor_instagram_01,demo-comp-2-010-0,2026-07-17T12:00:00Z,架空競合 エージェント検証 ✨,VIDEO,1300,65,10,6,980
X,demo_competitor_x_01,demo-comp-0-011-0,2026-07-18T12:00:00Z,架空競合 運用メモ ✨,TEXT,900,41,6,4,2411
X,demo_competitor_x_01,demo-comp-0-011-1,2026-07-18T12:00:00Z,架空競合 生成AI研究 ✨,IMAGE,900,41,6,4,2411
X,demo_competitor_x_01,demo-comp-0-011-2,2026-07-18T12:00:00Z,架空競合 効率化実験 ✨,TEXT,900,41,6,4,2411
X,demo_competitor_x_02,demo-comp-1-011-0,2026-07-18T12:00:00Z,架空競合 効率化実験 ✨,TEXT,1100,91,8,5,1722
X,demo_competitor_x_02,demo-comp-1-011-1,2026-07-18T12:00:00Z,架空競合 エージェント検証 ✨,IMAGE,1100,91,8,5,1722
INSTAGRAM,demo_competitor_instagram_01,demo-comp-2-011-0,2026-07-18T12:00:00Z,架空競合 分析ノート ✨,VIDEO,1300,66,10,6,983
X,demo_competitor_x_01,demo-comp-0-012-0,2026-07-19T12:00:00Z,架空競合 生成AI研究 ✨,TEXT,900,30,6,4,2412
X,demo_competitor_x_01,demo-comp-0-012-1,2026-07-19T12:00:00Z,架空競合 効率化実験 ✨,IMAGE,900,30,6,4,2412
X,demo_competitor_x_01,demo-comp-0-012-2,2026-07-19T12:00:00Z,架空競合 エージェント検証 ✨,TEXT,900,30,6,4,2412
X,demo_competitor_x_02,demo-comp-1-012-0,2026-07-19T12:00:00Z,架空競合 エージェント検証 ✨,TEXT,1100,80,8,5,1724
X,demo_competitor_x_02,demo-comp-1-012-1,2026-07-19T12:00:00Z,架空競合 分析ノート ✨,IMAGE,1100,80,8,5,1724
INSTAGRAM,demo_competitor_instagram_01,demo-comp-2-012-0,2026-07-19T12:00:00Z,架空競合 動画ラボ ✨,VIDEO,1300,55,10,6,986
X,demo_competitor_x_01,demo-comp-0-013-0,2026-07-20T12:00:00Z,架空競合 効率化実験 ✨,TEXT,900,31,6,4,2413
X,demo_competitor_x_01,demo-comp-0-013-1,2026-07-20T12:00:00Z,架空競合 エージェント検証 ✨,IMAGE,900,31,6,4,2413
X,demo_competitor_x_01,demo-comp-0-013-2,2026-07-20T12:00:00Z,架空競合 分析ノート ✨,TEXT,900,31,6,4,2413
X,demo_competitor_x_02,demo-comp-1-013-0,2026-07-20T12:00:00Z,架空競合 分析ノート ✨,TEXT,1100,81,8,5,1726
X,demo_competitor_x_02,demo-comp-1-013-1,2026-07-20T12:00:00Z,架空競合 動画ラボ ✨,IMAGE,1100,81,8,5,1726
INSTAGRAM,demo_competitor_instagram_01,demo-comp-2-013-0,2026-07-20T12:00:00Z,架空競合 運用メモ ✨,VIDEO,1300,56,10,6,989
X,demo_competitor_x_01,demo-comp-0-014-0,2026-07-21T12:00:00Z,架空競合 エージェント検証 ✨,TEXT,900,32,6,4,2414
X,demo_competitor_x_01,demo-comp-0-014-1,2026-07-21T12:00:00Z,架空競合 分析ノート ✨,IMAGE,900,32,6,4,2414
X,demo_competitor_x_01,demo-comp-0-014-2,2026-07-21T12:00:00Z,架空競合 動画ラボ ✨,TEXT,900,32,6,4,2414
X,demo_competitor_x_02,demo-comp-1-014-0,2026-07-21T12:00:00Z,架空競合 動画ラボ ✨,TEXT,1100,82,8,5,1728
X,demo_competitor_x_02,demo-comp-1-014-1,2026-07-21T12:00:00Z,架空競合 運用メモ ✨,IMAGE,1100,82,8,5,1728
INSTAGRAM,demo_competitor_instagram_01,demo-comp-2-014-0,2026-07-21T12:00:00Z,架空競合 生成AI研究 ✨,VIDEO,1300,57,10,6,992
X,demo_competitor_x_01,demo-comp-0-015-0,2026-07-22T12:00:00Z,架空競合 分析ノート ✨,TEXT,900,33,6,4,2415
X,demo_competitor_x_01,demo-comp-0-015-1,2026-07-22T12:00:00Z,架空競合 動画ラボ ✨,IMAGE,900,33,6,4,2415
X,demo_competitor_x_01,demo-comp-0-015-2,2026-07-22T12:00:00Z,架空競合 運用メモ ✨,TEXT,900,33,6,4,2415
X,demo_competitor_x_02,demo-comp-1-015-0,2026-07-22T12:00:00Z,架空競合 運用メモ ✨,TEXT,1100,83,8,5,1730
X,demo_competitor_x_02,demo-comp-1-015-1,2026-07-22T12:00:00Z,架空競合 生成AI研究 ✨,IMAGE,1100,83,8,5,1730
INSTAGRAM,demo_competitor_instagram_01,demo-comp-2-015-0,2026-07-22T12:00:00Z,架空競合 効率化実験 ✨,VIDEO,1300,58,10,6,995
X,demo_competitor_x_01,demo-comp-0-016-0,2026-07-23T12:00:00Z,架空競合 動画ラボ ✨,TEXT,900,34,6,4,2416
X,demo_competitor_x_01,demo-comp-0-016-1,2026-07-23T12:00:00Z,架空競合 運用メモ ✨,IMAGE,900,34,6,4,2416
X,demo_competitor_x_01,demo-comp-0-016-2,2026-07-23T12:00:00Z,架空競合 生成AI研究 ✨,TEXT,900,34,6,4,2416
X,demo_competitor_x_02,demo-comp-1-016-0,2026-07-23T12:00:00Z,架空競合 生成AI研究 ✨,TEXT,1100,84,8,5,1732
X,demo_competitor_x_02,demo-comp-1-016-1,2026-07-23T12:00:00Z,架空競合 効率化実験 ✨,IMAGE,1100,84,8,5,1732
INSTAGRAM,demo_competitor_instagram_01,demo-comp-2-016-0,2026-07-23T12:00:00Z,架空競合 エージェント検証 ✨,VIDEO,1300,59,10,6,998
X,demo_competitor_x_01,demo-comp-0-017-0,2026-07-24T12:00:00Z,架空競合 運用メモ ✨,TEXT,900,35,6,4,2417
X,demo_competitor_x_01,demo-comp-0-017-1,2026-07-24T12:00:00Z,架空競合 生成AI研究 ✨,IMAGE,900,35,6,4,2417
X,demo_competitor_x_01,demo-comp-0-017-2,2026-07-24T12:00:00Z,架空競合 効率化実験 ✨,TEXT,900,35,6,4,2417
X,demo_competitor_x_02,demo-comp-1-017-0,2026-07-24T12:00:00Z,架空競合 効率化実験 ✨,TEXT,1100,85,8,5,1734
X,demo_competitor_x_02,demo-comp-1-017-1,2026-07-24T12:00:00Z,架空競合 エージェント検証 ✨,IMAGE,1100,85,8,5,1734
INSTAGRAM,demo_competitor_instagram_01,demo-comp-2-017-0,2026-07-24T12:00:00Z,架空競合 分析ノート ✨,VIDEO,1300,60,10,6,1001
X,demo_competitor_x_01,demo-comp-0-018-0,2026-07-25T12:00:00Z,架空競合 生成AI研究 ✨,TEXT,900,36,6,4,2418
X,demo_competitor_x_01,demo-comp-0-018-1,2026-07-25T12:00:00Z,架空競合 効率化実験 ✨,IMAGE,900,36,6,4,2418
X,demo_competitor_x_01,demo-comp-0-018-2,2026-07-25T12:00:00Z,架空競合 エージェント検証 ✨,TEXT,900,36,6,4,2418
X,demo_competitor_x_02,demo-comp-1-018-0,2026-07-25T12:00:00Z,架空競合 エージェント検証 ✨,TEXT,1100,86,8,5,1736
X,demo_competitor_x_02,demo-comp-1-018-1,2026-07-25T12:00:00Z,架空競合 分析ノート ✨,IMAGE,1100,86,8,5,1736
INSTAGRAM,demo_competitor_instagram_01,demo-comp-2-018-0,2026-07-25T12:00:00Z,架空競合 動画ラボ ✨,VIDEO,1300,61,10,6,1004
X,demo_competitor_x_01,demo-comp-0-019-0,2026-07-26T12:00:00Z,架空競合 効率化実験 ✨,TEXT,900,37,6,4,2419
X,demo_competitor_x_01,demo-comp-0-019-1,2026-07-26T12:00:00Z,架空競合 エージェント検証 ✨,IMAGE,900,37,6,4,2419
X,demo_competitor_x_01,demo-comp-0-019-2,2026-07-26T12:00:00Z,架空競合 分析ノート ✨,TEXT,900,37,6,4,2419
X,demo_competitor_x_02,demo-comp-1-019-0,2026-07-26T12:00:00Z,架空競合 分析ノート ✨,TEXT,1100,87,8,5,1738
X,demo_competitor_x_02,demo-comp-1-019-1,2026-07-26T12:00:00Z,架空競合 動画ラボ ✨,IMAGE,1100,87,8,5,1738
INSTAGRAM,demo_competitor_instagram_01,demo-comp-2-019-0,2026-07-26T12:00:00Z,架空競合 運用メモ ✨,VIDEO,1300,62,10,6,1007
X,demo_competitor_x_01,demo-comp-0-020-0,2026-07-27T12:00:00Z,架空競合 エージェント検証 ✨,TEXT,900,38,6,4,2420
X,demo_competitor_x_01,demo-comp-0-020-1,2026-07-27T12:00:00Z,架空競合 分析ノート ✨,IMAGE,900,38,6,4,2420
X,demo_competitor_x_01,demo-comp-0-020-2,2026-07-27T12:00:00Z,架空競合 動画ラボ ✨,TEXT,900,38,6,4,2420
X,demo_competitor_x_02,demo-comp-1-020-0,2026-07-27T12:00:00Z,架空競合 動画ラボ ✨,TEXT,1100,88,8,5,1740
X,demo_competitor_x_02,demo-comp-1-020-1,2026-07-27T12:00:00Z,架空競合 運用メモ ✨,IMAGE,1100,88,8,5,1740
INSTAGRAM,demo_competitor_instagram_01,demo-comp-2-020-0,2026-07-27T12:00:00Z,架空競合 生成AI研究 ✨,VIDEO,1300,63,10,6,1010
X,demo_competitor_x_01,demo-comp-0-021-0,2026-07-28T12:00:00Z,架空競合 分析ノート ✨,TEXT,900,39,6,4,2421
X,demo_competitor_x_01,demo-comp-0-021-1,2026-07-28T12:00:00Z,架空競合 動画ラボ ✨,IMAGE,900,39,6,4,2421
X,demo_competitor_x_01,demo-comp-0-021-2,2026-07-28T12:00:00Z,架空競合 運用メモ ✨,TEXT,900,39,6,4,2421
X,demo_competitor_x_02,demo-comp-1-021-0,2026-07-28T12:00:00Z,架空競合 運用メモ ✨,TEXT,1100,89,8,5,1742
X,demo_competitor_x_02,demo-comp-1-021-1,2026-07-28T12:00:00Z,架空競合 生成AI研究 ✨,IMAGE,1100,89,8,5,1742
INSTAGRAM,demo_competitor_instagram_01,demo-comp-2-021-0,2026-07-28T12:00:00Z,架空競合 効率化実験 ✨,VIDEO,1300,64,10,6,1013
X,demo_competitor_x_01,demo-comp-0-022-0,2026-07-29T12:00:00Z,架空競合 動画ラボ ✨,TEXT,900,40,6,4,2422
X,demo_competitor_x_01,demo-comp-0-022-1,2026-07-29T12:00:00Z,架空競合 運用メモ ✨,IMAGE,900,40,6,4,2422
X,demo_competitor_x_01,demo-comp-0-022-2,2026-07-29T12:00:00Z,架空競合 生成AI研究 ✨,TEXT,900,40,6,4,2422
X,demo_competitor_x_02,demo-comp-1-022-0,2026-07-29T12:00:00Z,架空競合 生成AI研究 ✨,TEXT,1100,90,8,5,1744
X,demo_competitor_x_02,demo-comp-1-022-1,2026-07-29T12:00:00Z,架空競合 効率化実験 ✨,IMAGE,1100,90,8,5,1744
INSTAGRAM,demo_competitor_instagram_01,demo-comp-2-022-0,2026-07-29T12:00:00Z,架空競合 エージェント検証 ✨,VIDEO,1300,65,10,6,1016
X,demo_competitor_x_01,demo-comp-0-023-0,2026-07-30T12:00:00Z,架空競合 運用メモ ✨,TEXT,900,41,6,4,2423
X,demo_competitor_x_01,demo-comp-0-023-1,2026-07-30T12:00:00Z,架空競合 生成AI研究 ✨,IMAGE,900,41,6,4,2423
X,demo_competitor_x_01,demo-comp-0-023-2,2026-07-30T12:00:00Z,架空競合 効率化実験 ✨,TEXT,900,41,6,4,2423
X,demo_competitor_x_02,demo-comp-1-023-0,2026-07-30T12:00:00Z,架空競合 効率化実験 ✨,TEXT,1100,91,8,5,1746
X,demo_competitor_x_02,demo-comp-1-023-1,2026-07-30T12:00:00Z,架空競合 エージェント検証 ✨,IMAGE,1100,91,8,5,1746
INSTAGRAM,demo_competitor_instagram_01,demo-comp-2-023-0,2026-07-30T12:00:00Z,架空競合 分析ノート ✨,VIDEO,1300,66,10,6,1019
X,demo_competitor_x_01,demo-comp-0-024-0,2026-07-31T12:00:00Z,架空競合 生成AI研究 ✨,TEXT,900,30,6,4,2424
X,demo_competitor_x_01,demo-comp-0-024-1,2026-07-31T12:00:00Z,架空競合 効率化実験 ✨,IMAGE,900,30,6,4,2424
X,demo_competitor_x_01,demo-comp-0-024-2,2026-07-31T12:00:00Z,架空競合 エージェント検証 ✨,TEXT,900,30,6,4,2424
X,demo_competitor_x_02,demo-comp-1-024-0,2026-07-31T12:00:00Z,架空競合 エージェント検証 ✨,TEXT,1100,80,8,5,1748
X,demo_competitor_x_02,demo-comp-1-024-1,2026-07-31T12:00:00Z,架空競合 分析ノート ✨,IMAGE,1100,80,8,5,1748
INSTAGRAM,demo_competitor_instagram_01,demo-comp-2-024-0,2026-07-31T12:00:00Z,架空競合 動画ラボ ✨,VIDEO,1300,55,10,6,1022
X,demo_competitor_x_01,demo-comp-0-025-0,2026-08-01T12:00:00Z,架空競合 効率化実験 ✨,TEXT,900,31,6,4,2425
X,demo_competitor_x_01,demo-comp-0-025-1,2026-08-01T12:00:00Z,架空競合 エージェント検証 ✨,IMAGE,900,31,6,4,2425
X,demo_competitor_x_01,demo-comp-0-025-2,2026-08-01T12:00:00Z,架空競合 分析ノート ✨,TEXT,900,31,6,4,2425
X,demo_competitor_x_02,demo-comp-1-025-0,2026-08-01T12:00:00Z,架空競合 分析ノート ✨,TEXT,1100,81,8,5,1750
X,demo_competitor_x_02,demo-comp-1-025-1,2026-08-01T12:00:00Z,架空競合 動画ラボ ✨,IMAGE,1100,81,8,5,1750
INSTAGRAM,demo_competitor_instagram_01,demo-comp-2-025-0,2026-08-01T12:00:00Z,架空競合 運用メモ ✨,VIDEO,1300,56,10,6,1025
X,demo_competitor_x_01,demo-comp-0-026-0,2026-08-02T12:00:00Z,架空競合 エージェント検証 ✨,TEXT,900,32,6,4,2426
X,demo_competitor_x_01,demo-comp-0-026-1,2026-08-02T12:00:00Z,架空競合 分析ノート ✨,IMAGE,900,32,6,4,2426
X,demo_competitor_x_01,demo-comp-0-026-2,2026-08-02T12:00:00Z,架空競合 動画ラボ ✨,TEXT,900,32,6,4,2426
X,demo_competitor_x_02,demo-comp-1-026-0,2026-08-02T12:00:00Z,架空競合 動画ラボ ✨,TEXT,1100,82,8,5,1752
X,demo_competitor_x_02,demo-comp-1-026-1,2026-08-02T12:00:00Z,架空競合 運用メモ ✨,IMAGE,1100,82,8,5,1752
INSTAGRAM,demo_competitor_instagram_01,demo-comp-2-026-0,2026-08-02T12:00:00Z,架空競合 生成AI研究 ✨,VIDEO,1300,57,10,6,1028
X,demo_competitor_x_01,demo-comp-0-027-0,2026-08-03T12:00:00Z,架空競合 分析ノート ✨,TEXT,900,33,6,4,2427
X,demo_competitor_x_01,demo-comp-0-027-1,2026-08-03T12:00:00Z,架空競合 動画ラボ ✨,IMAGE,900,33,6,4,2427
X,demo_competitor_x_01,demo-comp-0-027-2,2026-08-03T12:00:00Z,架空競合 運用メモ ✨,TEXT,900,33,6,4,2427
X,demo_competitor_x_02,demo-comp-1-027-0,2026-08-03T12:00:00Z,架空競合 運用メモ ✨,TEXT,1100,83,8,5,1754
X,demo_competitor_x_02,demo-comp-1-027-1,2026-08-03T12:00:00Z,架空競合 生成AI研究 ✨,IMAGE,1100,83,8,5,1754
INSTAGRAM,demo_competitor_instagram_01,demo-comp-2-027-0,2026-08-03T12:00:00Z,架空競合 効率化実験 ✨,VIDEO,1300,58,10,6,1031
X,demo_competitor_x_01,demo-comp-0-028-0,2026-08-04T12:00:00Z,架空競合 動画ラボ ✨,TEXT,900,34,6,4,2428
X,demo_competitor_x_01,demo-comp-0-028-1,2026-08-04T12:00:00Z,架空競合 運用メモ ✨,IMAGE,900,34,6,4,2428
X,demo_competitor_x_01,demo-comp-0-028-2,2026-08-04T12:00:00Z,架空競合 生成AI研究 ✨,TEXT,900,34,6,4,2428
X,demo_competitor_x_02,demo-comp-1-028-0,2026-08-04T12:00:00Z,架空競合 生成AI研究 ✨,TEXT,1100,84,8,5,1756
X,demo_competitor_x_02,demo-comp-1-028-1,2026-08-04T12:00:00Z,架空競合 効率化実験 ✨,IMAGE,1100,84,8,5,1756
INSTAGRAM,demo_competitor_instagram_01,demo-comp-2-028-0,2026-08-04T12:00:00Z,架空競合 エージェント検証 ✨,VIDEO,1300,59,10,6,1034
X,demo_competitor_x_01,demo-comp-0-029-0,2026-08-05T12:00:00Z,架空競合 運用メモ ✨,TEXT,900,35,6,4,2429
X,demo_competitor_x_01,demo-comp-0-029-1,2026-08-05T12:00:00Z,架空競合 生成AI研究 ✨,IMAGE,900,35,6,4,2429
X,demo_competitor_x_01,demo-comp-0-029-2,2026-08-05T12:00:00Z,架空競合 効率化実験 ✨,TEXT,900,35,6,4,2429
X,demo_competitor_x_02,demo-comp-1-029-0,2026-08-05T12:00:00Z,架空競合 効率化実験 ✨,TEXT,1100,85,8,5,1758
X,demo_competitor_x_02,demo-comp-1-029-1,2026-08-05T12:00:00Z,架空競合 エージェント検証 ✨,IMAGE,1100,85,8,5,1758
INSTAGRAM,demo_competitor_instagram_01,demo-comp-2-029-0,2026-08-05T12:00:00Z,架空競合 分析ノート ✨,VIDEO,1300,60,10,6,1037
X,demo_competitor_x_01,demo-comp-0-030-0,2026-08-06T12:00:00Z,架空競合 生成AI研究 ✨,TEXT,900,36,6,4,2430
X,demo_competitor_x_01,demo-comp-0-030-1,2026-08-06T12:00:00Z,架空競合 効率化実験 ✨,IMAGE,900,36,6,4,2430
X,demo_competitor_x_01,demo-comp-0-030-2,2026-08-06T12:00:00Z,架空競合 エージェント検証 ✨,TEXT,900,36,6,4,2430
X,demo_competitor_x_02,demo-comp-1-030-0,2026-08-06T12:00:00Z,架空競合 エージェント検証 ✨,TEXT,1100,86,8,5,1760
X,demo_competitor_x_02,demo-comp-1-030-1,2026-08-06T12:00:00Z,架空競合 分析ノート ✨,IMAGE,1100,86,8,5,1760
INSTAGRAM,demo_competitor_instagram_01,demo-comp-2-030-0,2026-08-06T12:00:00Z,架空競合 動画ラボ ✨,VIDEO,1300,61,10,6,1040
X,demo_competitor_x_01,demo-comp-0-031-0,2026-08-07T12:00:00Z,架空競合 効率化実験 ✨,TEXT,900,37,6,4,2431
X,demo_competitor_x_01,demo-comp-0-031-1,2026-08-07T12:00:00Z,架空競合 エージェント検証 ✨,IMAGE,900,37,6,4,2431
X,demo_competitor_x_01,demo-comp-0-031-2,2026-08-07T12:00:00Z,架空競合 分析ノート ✨,TEXT,900,37,6,4,2431
X,demo_competitor_x_02,demo-comp-1-031-0,2026-08-07T12:00:00Z,架空競合 分析ノート ✨,TEXT,1100,87,8,5,1762
X,demo_competitor_x_02,demo-comp-1-031-1,2026-08-07T12:00:00Z,架空競合 動画ラボ ✨,IMAGE,1100,87,8,5,1762
INSTAGRAM,demo_competitor_instagram_01,demo-comp-2-031-0,2026-08-07T12:00:00Z,架空競合 運用メモ ✨,VIDEO,1300,62,10,6,1043
X,demo_competitor_x_01,demo-comp-0-032-0,2026-08-08T12:00:00Z,架空競合 エージェント検証 ✨,TEXT,900,38,6,4,2432
X,demo_competitor_x_01,demo-comp-0-032-1,2026-08-08T12:00:00Z,架空競合 分析ノート ✨,IMAGE,900,38,6,4,2432
X,demo_competitor_x_01,demo-comp-0-032-2,2026-08-08T12:00:00Z,架空競合 動画ラボ ✨,TEXT,900,38,6,4,2432
X,demo_competitor_x_02,demo-comp-1-032-0,2026-08-08T12:00:00Z,架空競合 動画ラボ ✨,TEXT,1100,88,8,5,1764
X,demo_competitor_x_02,demo-comp-1-032-1,2026-08-08T12:00:00Z,架空競合 運用メモ ✨,IMAGE,1100,88,8,5,1764
INSTAGRAM,demo_competitor_instagram_01,demo-comp-2-032-0,2026-08-08T12:00:00Z,架空競合 生成AI研究 ✨,VIDEO,1300,63,10,6,1046
X,demo_competitor_x_01,demo-comp-0-033-0,2026-08-09T12:00:00Z,架空競合 分析ノート ✨,TEXT,900,39,6,4,2433
X,demo_competitor_x_01,demo-comp-0-033-1,2026-08-09T12:00:00Z,架空競合 動画ラボ ✨,IMAGE,900,39,6,4,2433
X,demo_competitor_x_01,demo-comp-0-033-2,2026-08-09T12:00:00Z,架空競合 運用メモ ✨,TEXT,900,39,6,4,2433
X,demo_competitor_x_02,demo-comp-1-033-0,2026-08-09T12:00:00Z,架空競合 運用メモ ✨,TEXT,1100,89,8,5,1766
X,demo_competitor_x_02,demo-comp-1-033-1,2026-08-09T12:00:00Z,架空競合 生成AI研究 ✨,IMAGE,1100,89,8,5,1766
INSTAGRAM,demo_competitor_instagram_01,demo-comp-2-033-0,2026-08-09T12:00:00Z,架空競合 効率化実験 ✨,VIDEO,1300,64,10,6,1049
X,demo_competitor_x_01,demo-comp-0-034-0,2026-08-10T12:00:00Z,架空競合 動画ラボ ✨,TEXT,900,40,6,4,2434
X,demo_competitor_x_01,demo-comp-0-034-1,2026-08-10T12:00:00Z,架空競合 運用メモ ✨,IMAGE,900,40,6,4,2434
X,demo_competitor_x_01,demo-comp-0-034-2,2026-08-10T12:00:00Z,架空競合 生成AI研究 ✨,TEXT,900,40,6,4,2434
X,demo_competitor_x_02,demo-comp-1-034-0,2026-08-10T12:00:00Z,架空競合 生成AI研究 ✨,TEXT,1100,90,8,5,1768
X,demo_competitor_x_02,demo-comp-1-034-1,2026-08-10T12:00:00Z,架空競合 効率化実験 ✨,IMAGE,1100,90,8,5,1768
INSTAGRAM,demo_competitor_instagram_01,demo-comp-2-034-0,2026-08-10T12:00:00Z,架空競合 エージェント検証 ✨,VIDEO,1300,65,10,6,1052
X,demo_competitor_x_01,demo-comp-0-035-0,2026-08-11T12:00:00Z,架空競合 運用メモ ✨,TEXT,900,41,6,4,2435
X,demo_competitor_x_01,demo-comp-0-035-1,2026-08-11T12:00:00Z,架空競合 生成AI研究 ✨,IMAGE,900,41,6,4,2435
X,demo_competitor_x_01,demo-comp-0-035-2,2026-08-11T12:00:00Z,架空競合 効率化実験 ✨,TEXT,900,41,6,4,2435
X,demo_competitor_x_02,demo-comp-1-035-0,2026-08-11T12:00:00Z,架空競合 効率化実験 ✨,TEXT,1100,91,8,5,1770
X,demo_competitor_x_02,demo-comp-1-035-1,2026-08-11T12:00:00Z,架空競合 エージェント検証 ✨,IMAGE,1100,91,8,5,1770
INSTAGRAM,demo_competitor_instagram_01,demo-comp-2-035-0,2026-08-11T12:00:00Z,架空競合 分析ノート ✨,VIDEO,1300,66,10,6,1055
X,demo_competitor_x_01,demo-comp-0-036-0,2026-08-12T12:00:00Z,架空競合 生成AI研究 ✨,TEXT,900,30,6,4,2436
X,demo_competitor_x_01,demo-comp-0-036-1,2026-08-12T12:00:00Z,架空競合 効率化実験 ✨,IMAGE,900,30,6,4,2436
X,demo_competitor_x_01,demo-comp-0-036-2,2026-08-12T12:00:00Z,架空競合 エージェント検証 ✨,TEXT,900,30,6,4,2436
X,demo_competitor_x_02,demo-comp-1-036-0,2026-08-12T12:00:00Z,架空競合 エージェント検証 ✨,TEXT,1100,80,8,5,1772
X,demo_competitor_x_02,demo-comp-1-036-1,2026-08-12T12:00:00Z,架空競合 分析ノート ✨,IMAGE,1100,80,8,5,1772
INSTAGRAM,demo_competitor_instagram_01,demo-comp-2-036-0,2026-08-12T12:00:00Z,架空競合 動画ラボ ✨,VIDEO,1300,55,10,6,1058
X,demo_competitor_x_01,demo-comp-0-037-0,2026-08-13T12:00:00Z,架空競合 効率化実験 ✨,TEXT,900,31,6,4,2437
X,demo_competitor_x_01,demo-comp-0-037-1,2026-08-13T12:00:00Z,架空競合 エージェント検証 ✨,IMAGE,900,31,6,4,2437
X,demo_competitor_x_01,demo-comp-0-037-2,2026-08-13T12:00:00Z,架空競合 分析ノート ✨,TEXT,900,31,6,4,2437
X,demo_competitor_x_02,demo-comp-1-037-0,2026-08-13T12:00:00Z,架空競合 分析ノート ✨,TEXT,1100,81,8,5,1774
X,demo_competitor_x_02,demo-comp-1-037-1,2026-08-13T12:00:00Z,架空競合 動画ラボ ✨,IMAGE,1100,81,8,5,1774
INSTAGRAM,demo_competitor_instagram_01,demo-comp-2-037-0,2026-08-13T12:00:00Z,架空競合 運用メモ ✨,VIDEO,1300,56,10,6,1061
X,demo_competitor_x_01,demo-comp-0-038-0,2026-08-14T12:00:00Z,架空競合 エージェント検証 ✨,TEXT,900,32,6,4,2438
X,demo_competitor_x_01,demo-comp-0-038-1,2026-08-14T12:00:00Z,架空競合 分析ノート ✨,IMAGE,900,32,6,4,2438
X,demo_competitor_x_01,demo-comp-0-038-2,2026-08-14T12:00:00Z,架空競合 動画ラボ ✨,TEXT,900,32,6,4,2438
X,demo_competitor_x_02,demo-comp-1-038-0,2026-08-14T12:00:00Z,架空競合 動画ラボ ✨,TEXT,1100,82,8,5,1776
X,demo_competitor_x_02,demo-comp-1-038-1,2026-08-14T12:00:00Z,架空競合 運用メモ ✨,IMAGE,1100,82,8,5,1776
INSTAGRAM,demo_competitor_instagram_01,demo-comp-2-038-0,2026-08-14T12:00:00Z,架空競合 生成AI研究 ✨,VIDEO,1300,57,10,6,1064
X,demo_competitor_x_01,demo-comp-0-039-0,2026-08-15T12:00:00Z,架空競合 分析ノート ✨,TEXT,900,33,6,4,2439
X,demo_competitor_x_01,demo-comp-0-039-1,2026-08-15T12:00:00Z,架空競合 動画ラボ ✨,IMAGE,900,33,6,4,2439
X,demo_competitor_x_01,demo-comp-0-039-2,2026-08-15T12:00:00Z,架空競合 運用メモ ✨,TEXT,900,33,6,4,2439
X,demo_competitor_x_02,demo-comp-1-039-0,2026-08-15T12:00:00Z,架空競合 運用メモ ✨,TEXT,1100,83,8,5,1778
X,demo_competitor_x_02,demo-comp-1-039-1,2026-08-15T12:00:00Z,架空競合 生成AI研究 ✨,IMAGE,1100,83,8,5,1778
INSTAGRAM,demo_competitor_instagram_01,demo-comp-2-039-0,2026-08-15T12:00:00Z,架空競合 効率化実験 ✨,VIDEO,1300,58,10,6,1067
X,demo_competitor_x_01,demo-comp-0-040-0,2026-08-16T12:00:00Z,架空競合 動画ラボ ✨,TEXT,900,34,6,4,2440
X,demo_competitor_x_01,demo-comp-0-040-1,2026-08-16T12:00:00Z,架空競合 運用メモ ✨,IMAGE,900,34,6,4,2440
X,demo_competitor_x_01,demo-comp-0-040-2,2026-08-16T12:00:00Z,架空競合 生成AI研究 ✨,TEXT,900,34,6,4,2440
X,demo_competitor_x_02,demo-comp-1-040-0,2026-08-16T12:00:00Z,架空競合 生成AI研究 ✨,TEXT,1100,84,8,5,1780
X,demo_competitor_x_02,demo-comp-1-040-1,2026-08-16T12:00:00Z,架空競合 効率化実験 ✨,IMAGE,1100,84,8,5,1780
INSTAGRAM,demo_competitor_instagram_01,demo-comp-2-040-0,2026-08-16T12:00:00Z,架空競合 エージェント検証 ✨,VIDEO,1300,59,10,6,1070
X,demo_competitor_x_01,demo-comp-0-041-0,2026-08-17T12:00:00Z,架空競合 運用メモ ✨,TEXT,900,35,6,4,2441
X,demo_competitor_x_01,demo-comp-0-041-1,2026-08-17T12:00:00Z,架空競合 生成AI研究 ✨,IMAGE,900,35,6,4,2441
X,demo_competitor_x_01,demo-comp-0-041-2,2026-08-17T12:00:00Z,架空競合 効率化実験 ✨,TEXT,900,35,6,4,2441
X,demo_competitor_x_02,demo-comp-1-041-0,2026-08-17T12:00:00Z,架空競合 効率化実験 ✨,TEXT,1100,85,8,5,1782
X,demo_competitor_x_02,demo-comp-1-041-1,2026-08-17T12:00:00Z,架空競合 エージェント検証 ✨,IMAGE,1100,85,8,5,1782
INSTAGRAM,demo_competitor_instagram_01,demo-comp-2-041-0,2026-08-17T12:00:00Z,架空競合 分析ノート ✨,VIDEO,1300,60,10,6,1073
X,demo_competitor_x_01,demo-comp-0-042-0,2026-08-18T12:00:00Z,架空競合 生成AI研究 ✨,TEXT,900,36,6,4,2442
X,demo_competitor_x_01,demo-comp-0-042-1,2026-08-18T12:00:00Z,架空競合 効率化実験 ✨,IMAGE,900,36,6,4,2442
X,demo_competitor_x_01,demo-comp-0-042-2,2026-08-18T12:00:00Z,架空競合 エージェント検証 ✨,TEXT,900,36,6,4,2442
X,demo_competitor_x_02,demo-comp-1-042-0,2026-08-18T12:00:00Z,架空競合 エージェント検証 ✨,TEXT,1100,86,8,5,1784
X,demo_competitor_x_02,demo-comp-1-042-1,2026-08-18T12:00:00Z,架空競合 分析ノート ✨,IMAGE,1100,86,8,5,1784
INSTAGRAM,demo_competitor_instagram_01,demo-comp-2-042-0,2026-08-18T12:00:00Z,架空競合 動画ラボ ✨,VIDEO,1300,61,10,6,1076
X,demo_competitor_x_01,demo-comp-0-043-0,2026-08-19T12:00:00Z,架空競合 効率化実験 ✨,TEXT,900,37,6,4,2443
X,demo_competitor_x_01,demo-comp-0-043-1,2026-08-19T12:00:00Z,架空競合 エージェント検証 ✨,IMAGE,900,37,6,4,2443
X,demo_competitor_x_01,demo-comp-0-043-2,2026-08-19T12:00:00Z,架空競合 分析ノート ✨,TEXT,900,37,6,4,2443
X,demo_competitor_x_02,demo-comp-1-043-0,2026-08-19T12:00:00Z,架空競合 分析ノート ✨,TEXT,1100,87,8,5,1786
X,demo_competitor_x_02,demo-comp-1-043-1,2026-08-19T12:00:00Z,架空競合 動画ラボ ✨,IMAGE,1100,87,8,5,1786
INSTAGRAM,demo_competitor_instagram_01,demo-comp-2-043-0,2026-08-19T12:00:00Z,架空競合 運用メモ ✨,VIDEO,1300,62,10,6,1079
X,demo_competitor_x_01,demo-comp-0-044-0,2026-08-20T12:00:00Z,架空競合 エージェント検証 ✨,TEXT,900,38,6,4,2444
X,demo_competitor_x_01,demo-comp-0-044-1,2026-08-20T12:00:00Z,架空競合 分析ノート ✨,IMAGE,900,38,6,4,2444
X,demo_competitor_x_01,demo-comp-0-044-2,2026-08-20T12:00:00Z,架空競合 動画ラボ ✨,TEXT,900,38,6,4,2444
X,demo_competitor_x_02,demo-comp-1-044-0,2026-08-20T12:00:00Z,架空競合 動画ラボ ✨,TEXT,1100,88,8,5,1788
X,demo_competitor_x_02,demo-comp-1-044-1,2026-08-20T12:00:00Z,架空競合 運用メモ ✨,IMAGE,1100,88,8,5,1788
INSTAGRAM,demo_competitor_instagram_01,demo-comp-2-044-0,2026-08-20T12:00:00Z,架空競合 生成AI研究 ✨,VIDEO,1300,63,10,6,1082
X,demo_competitor_x_01,demo-comp-0-045-0,2026-08-21T12:00:00Z,架空競合 分析ノート ✨,TEXT,900,39,6,4,2445
X,demo_competitor_x_01,demo-comp-0-045-1,2026-08-21T12:00:00Z,架空競合 動画ラボ ✨,IMAGE,900,39,6,4,2445
X,demo_competitor_x_01,demo-comp-0-045-2,2026-08-21T12:00:00Z,架空競合 運用メモ ✨,TEXT,900,39,6,4,2445
X,demo_competitor_x_02,demo-comp-1-045-0,2026-08-21T12:00:00Z,架空競合 運用メモ ✨,TEXT,1100,89,8,5,1790
X,demo_competitor_x_02,demo-comp-1-045-1,2026-08-21T12:00:00Z,架空競合 生成AI研究 ✨,IMAGE,1100,89,8,5,1790
INSTAGRAM,demo_competitor_instagram_01,demo-comp-2-045-0,2026-08-21T12:00:00Z,架空競合 効率化実験 ✨,VIDEO,1300,64,10,6,1085
X,demo_competitor_x_01,demo-comp-0-046-0,2026-08-22T12:00:00Z,架空競合 動画ラボ ✨,TEXT,900,40,6,4,2446
X,demo_competitor_x_01,demo-comp-0-046-1,2026-08-22T12:00:00Z,架空競合 運用メモ ✨,IMAGE,900,40,6,4,2446
X,demo_competitor_x_01,demo-comp-0-046-2,2026-08-22T12:00:00Z,架空競合 生成AI研究 ✨,TEXT,900,40,6,4,2446
X,demo_competitor_x_02,demo-comp-1-046-0,2026-08-22T12:00:00Z,架空競合 生成AI研究 ✨,TEXT,1100,90,8,5,1792
X,demo_competitor_x_02,demo-comp-1-046-1,2026-08-22T12:00:00Z,架空競合 効率化実験 ✨,IMAGE,1100,90,8,5,1792
INSTAGRAM,demo_competitor_instagram_01,demo-comp-2-046-0,2026-08-22T12:00:00Z,架空競合 エージェント検証 ✨,VIDEO,1300,65,10,6,1088
X,demo_competitor_x_01,demo-comp-0-047-0,2026-08-23T12:00:00Z,架空競合 運用メモ ✨,TEXT,900,41,6,4,2447
X,demo_competitor_x_01,demo-comp-0-047-1,2026-08-23T12:00:00Z,架空競合 生成AI研究 ✨,IMAGE,900,41,6,4,2447
X,demo_competitor_x_01,demo-comp-0-047-2,2026-08-23T12:00:00Z,架空競合 効率化実験 ✨,TEXT,900,41,6,4,2447
X,demo_competitor_x_02,demo-comp-1-047-0,2026-08-23T12:00:00Z,架空競合 効率化実験 ✨,TEXT,1100,91,8,5,1794
X,demo_competitor_x_02,demo-comp-1-047-1,2026-08-23T12:00:00Z,架空競合 エージェント検証 ✨,IMAGE,1100,91,8,5,1794
INSTAGRAM,demo_competitor_instagram_01,demo-comp-2-047-0,2026-08-23T12:00:00Z,架空競合 分析ノート ✨,VIDEO,1300,66,10,6,1091
X,demo_competitor_x_01,demo-comp-0-048-0,2026-08-24T12:00:00Z,架空競合 生成AI研究 ✨,TEXT,900,30,6,4,2448
X,demo_competitor_x_01,demo-comp-0-048-1,2026-08-24T12:00:00Z,架空競合 効率化実験 ✨,IMAGE,900,30,6,4,2448
X,demo_competitor_x_01,demo-comp-0-048-2,2026-08-24T12:00:00Z,架空競合 エージェント検証 ✨,TEXT,900,30,6,4,2448
X,demo_competitor_x_02,demo-comp-1-048-0,2026-08-24T12:00:00Z,架空競合 エージェント検証 ✨,TEXT,1100,80,8,5,1796
X,demo_competitor_x_02,demo-comp-1-048-1,2026-08-24T12:00:00Z,架空競合 分析ノート ✨,IMAGE,1100,80,8,5,1796
INSTAGRAM,demo_competitor_instagram_01,demo-comp-2-048-0,2026-08-24T12:00:00Z,架空競合 動画ラボ ✨,VIDEO,1300,55,10,6,1094
X,demo_competitor_x_01,demo-comp-0-049-0,2026-08-25T12:00:00Z,架空競合 効率化実験 ✨,TEXT,900,31,6,4,2449
X,demo_competitor_x_01,demo-comp-0-049-1,2026-08-25T12:00:00Z,架空競合 エージェント検証 ✨,IMAGE,900,31,6,4,2449
X,demo_competitor_x_01,demo-comp-0-049-2,2026-08-25T12:00:00Z,架空競合 分析ノート ✨,TEXT,900,31,6,4,2449
X,demo_competitor_x_02,demo-comp-1-049-0,2026-08-25T12:00:00Z,架空競合 分析ノート ✨,TEXT,1100,81,8,5,1798
X,demo_competitor_x_02,demo-comp-1-049-1,2026-08-25T12:00:00Z,架空競合 動画ラボ ✨,IMAGE,1100,81,8,5,1798
INSTAGRAM,demo_competitor_instagram_01,demo-comp-2-049-0,2026-08-25T12:00:00Z,架空競合 運用メモ ✨,VIDEO,1300,56,10,6,1097
X,demo_competitor_x_01,demo-comp-0-050-0,2026-08-26T12:00:00Z,架空競合 エージェント検証 ✨,TEXT,900,32,6,4,2450
X,demo_competitor_x_01,demo-comp-0-050-1,2026-08-26T12:00:00Z,架空競合 分析ノート ✨,IMAGE,900,32,6,4,2450
X,demo_competitor_x_01,demo-comp-0-050-2,2026-08-26T12:00:00Z,架空競合 動画ラボ ✨,TEXT,900,32,6,4,2450
X,demo_competitor_x_02,demo-comp-1-050-0,2026-08-26T12:00:00Z,架空競合 動画ラボ ✨,TEXT,1100,82,8,5,1800
X,demo_competitor_x_02,demo-comp-1-050-1,2026-08-26T12:00:00Z,架空競合 運用メモ ✨,IMAGE,1100,82,8,5,1800
INSTAGRAM,demo_competitor_instagram_01,demo-comp-2-050-0,2026-08-26T12:00:00Z,架空競合 生成AI研究 ✨,VIDEO,1300,57,10,6,1100
X,demo_competitor_x_01,demo-comp-0-051-0,2026-08-27T12:00:00Z,架空競合 分析ノート ✨,TEXT,900,33,6,4,2451
X,demo_competitor_x_01,demo-comp-0-051-1,2026-08-27T12:00:00Z,架空競合 動画ラボ ✨,IMAGE,900,33,6,4,2451
X,demo_competitor_x_01,demo-comp-0-051-2,2026-08-27T12:00:00Z,架空競合 運用メモ ✨,TEXT,900,33,6,4,2451
X,demo_competitor_x_02,demo-comp-1-051-0,2026-08-27T12:00:00Z,架空競合 運用メモ ✨,TEXT,1100,83,8,5,1802
X,demo_competitor_x_02,demo-comp-1-051-1,2026-08-27T12:00:00Z,架空競合 生成AI研究 ✨,IMAGE,1100,83,8,5,1802
INSTAGRAM,demo_competitor_instagram_01,demo-comp-2-051-0,2026-08-27T12:00:00Z,架空競合 効率化実験 ✨,VIDEO,1300,58,10,6,1103
X,demo_competitor_x_01,demo-comp-0-052-0,2026-08-28T12:00:00Z,架空競合 動画ラボ ✨,TEXT,900,34,6,4,2452
X,demo_competitor_x_01,demo-comp-0-052-1,2026-08-28T12:00:00Z,架空競合 運用メモ ✨,IMAGE,900,34,6,4,2452
X,demo_competitor_x_01,demo-comp-0-052-2,2026-08-28T12:00:00Z,架空競合 生成AI研究 ✨,TEXT,900,34,6,4,2452
X,demo_competitor_x_02,demo-comp-1-052-0,2026-08-28T12:00:00Z,架空競合 生成AI研究 ✨,TEXT,1100,84,8,5,1804
X,demo_competitor_x_02,demo-comp-1-052-1,2026-08-28T12:00:00Z,架空競合 効率化実験 ✨,IMAGE,1100,84,8,5,1804
INSTAGRAM,demo_competitor_instagram_01,demo-comp-2-052-0,2026-08-28T12:00:00Z,架空競合 エージェント検証 ✨,VIDEO,1300,59,10,6,1106
X,demo_competitor_x_01,demo-comp-0-053-0,2026-08-29T12:00:00Z,架空競合 運用メモ ✨,TEXT,900,35,6,4,2453
X,demo_competitor_x_01,demo-comp-0-053-1,2026-08-29T12:00:00Z,架空競合 生成AI研究 ✨,IMAGE,900,35,6,4,2453
X,demo_competitor_x_01,demo-comp-0-053-2,2026-08-29T12:00:00Z,架空競合 効率化実験 ✨,TEXT,900,35,6,4,2453
X,demo_competitor_x_02,demo-comp-1-053-0,2026-08-29T12:00:00Z,架空競合 効率化実験 ✨,TEXT,1100,85,8,5,1806
X,demo_competitor_x_02,demo-comp-1-053-1,2026-08-29T12:00:00Z,架空競合 エージェント検証 ✨,IMAGE,1100,85,8,5,1806
INSTAGRAM,demo_competitor_instagram_01,demo-comp-2-053-0,2026-08-29T12:00:00Z,架空競合 分析ノート ✨,VIDEO,1300,60,10,6,1109
X,demo_competitor_x_01,demo-comp-0-054-0,2026-08-30T12:00:00Z,架空競合 生成AI研究 ✨,TEXT,900,36,6,4,2454
X,demo_competitor_x_01,demo-comp-0-054-1,2026-08-30T12:00:00Z,架空競合 効率化実験 ✨,IMAGE,900,36,6,4,2454
X,demo_competitor_x_01,demo-comp-0-054-2,2026-08-30T12:00:00Z,架空競合 エージェント検証 ✨,TEXT,900,36,6,4,2454
X,demo_competitor_x_02,demo-comp-1-054-0,2026-08-30T12:00:00Z,架空競合 エージェント検証 ✨,TEXT,1100,86,8,5,1808
X,demo_competitor_x_02,demo-comp-1-054-1,2026-08-30T12:00:00Z,架空競合 分析ノート ✨,IMAGE,1100,86,8,5,1808
INSTAGRAM,demo_competitor_instagram_01,demo-comp-2-054-0,2026-08-30T12:00:00Z,架空競合 動画ラボ ✨,VIDEO,1300,61,10,6,1112
X,demo_competitor_x_01,demo-comp-0-055-0,2026-08-31T12:00:00Z,架空競合 効率化実験 ✨,TEXT,900,37,6,4,2455
X,demo_competitor_x_01,demo-comp-0-055-1,2026-08-31T12:00:00Z,架空競合 エージェント検証 ✨,IMAGE,900,37,6,4,2455
X,demo_competitor_x_01,demo-comp-0-055-2,2026-08-31T12:00:00Z,架空競合 分析ノート ✨,TEXT,900,37,6,4,2455
X,demo_competitor_x_02,demo-comp-1-055-0,2026-08-31T12:00:00Z,架空競合 分析ノート ✨,TEXT,1100,87,8,5,1810
X,demo_competitor_x_02,demo-comp-1-055-1,2026-08-31T12:00:00Z,架空競合 動画ラボ ✨,IMAGE,1100,87,8,5,1810
INSTAGRAM,demo_competitor_instagram_01,demo-comp-2-055-0,2026-08-31T12:00:00Z,架空競合 運用メモ ✨,VIDEO,1300,62,10,6,1115
X,demo_competitor_x_01,demo-comp-0-056-0,2026-09-01T12:00:00Z,架空競合 エージェント検証 ✨,TEXT,900,38,6,4,2456
X,demo_competitor_x_01,demo-comp-0-056-1,2026-09-01T12:00:00Z,架空競合 分析ノート ✨,IMAGE,900,38,6,4,2456
X,demo_competitor_x_01,demo-comp-0-056-2,2026-09-01T12:00:00Z,架空競合 動画ラボ ✨,TEXT,900,38,6,4,2456
X,demo_competitor_x_02,demo-comp-1-056-0,2026-09-01T12:00:00Z,架空競合 動画ラボ ✨,TEXT,1100,88,8,5,1812
X,demo_competitor_x_02,demo-comp-1-056-1,2026-09-01T12:00:00Z,架空競合 運用メモ ✨,IMAGE,1100,88,8,5,1812
INSTAGRAM,demo_competitor_instagram_01,demo-comp-2-056-0,2026-09-01T12:00:00Z,架空競合 生成AI研究 ✨,VIDEO,1300,63,10,6,1118
X,demo_competitor_x_01,demo-comp-0-057-0,2026-09-02T12:00:00Z,架空競合 分析ノート ✨,TEXT,900,39,6,4,2457
X,demo_competitor_x_01,demo-comp-0-057-1,2026-09-02T12:00:00Z,架空競合 動画ラボ ✨,IMAGE,900,39,6,4,2457
X,demo_competitor_x_01,demo-comp-0-057-2,2026-09-02T12:00:00Z,架空競合 運用メモ ✨,TEXT,900,39,6,4,2457
X,demo_competitor_x_02,demo-comp-1-057-0,2026-09-02T12:00:00Z,架空競合 運用メモ ✨,TEXT,1100,89,8,5,1814
X,demo_competitor_x_02,demo-comp-1-057-1,2026-09-02T12:00:00Z,架空競合 生成AI研究 ✨,IMAGE,1100,89,8,5,1814
INSTAGRAM,demo_competitor_instagram_01,demo-comp-2-057-0,2026-09-02T12:00:00Z,架空競合 効率化実験 ✨,VIDEO,1300,64,10,6,1121
X,demo_competitor_x_01,demo-comp-0-058-0,2026-09-03T12:00:00Z,架空競合 動画ラボ ✨,TEXT,900,40,6,4,2458
X,demo_competitor_x_01,demo-comp-0-058-1,2026-09-03T12:00:00Z,架空競合 運用メモ ✨,IMAGE,900,40,6,4,2458
X,demo_competitor_x_01,demo-comp-0-058-2,2026-09-03T12:00:00Z,架空競合 生成AI研究 ✨,TEXT,900,40,6,4,2458
X,demo_competitor_x_02,demo-comp-1-058-0,2026-09-03T12:00:00Z,架空競合 生成AI研究 ✨,TEXT,1100,90,8,5,1816
X,demo_competitor_x_02,demo-comp-1-058-1,2026-09-03T12:00:00Z,架空競合 効率化実験 ✨,IMAGE,1100,90,8,5,1816
INSTAGRAM,demo_competitor_instagram_01,demo-comp-2-058-0,2026-09-03T12:00:00Z,架空競合 エージェント検証 ✨,VIDEO,1300,65,10,6,1124
X,demo_competitor_x_01,demo-comp-0-059-0,2026-09-04T12:00:00Z,架空競合 運用メモ ✨,TEXT,900,41,6,4,2459
X,demo_competitor_x_01,demo-comp-0-059-1,2026-09-04T12:00:00Z,架空競合 生成AI研究 ✨,IMAGE,900,41,6,4,2459
X,demo_competitor_x_01,demo-comp-0-059-2,2026-09-04T12:00:00Z,架空競合 効率化実験 ✨,TEXT,900,41,6,4,2459
X,demo_competitor_x_02,demo-comp-1-059-0,2026-09-04T12:00:00Z,架空競合 効率化実験 ✨,TEXT,1100,91,8,5,1818
X,demo_competitor_x_02,demo-comp-1-059-1,2026-09-04T12:00:00Z,架空競合 エージェント検証 ✨,IMAGE,1100,91,8,5,1818
INSTAGRAM,demo_competitor_instagram_01,demo-comp-2-059-0,2026-09-04T12:00:00Z,架空競合 分析ノート ✨,VIDEO,1300,66,10,6,1127
X,demo_competitor_x_01,demo-comp-0-060-0,2026-09-05T12:00:00Z,架空競合 生成AI研究 ✨,TEXT,900,30,6,4,2460
X,demo_competitor_x_01,demo-comp-0-060-1,2026-09-05T12:00:00Z,架空競合 効率化実験 ✨,IMAGE,900,30,6,4,2460
X,demo_competitor_x_01,demo-comp-0-060-2,2026-09-05T12:00:00Z,架空競合 エージェント検証 ✨,TEXT,900,30,6,4,2460
X,demo_competitor_x_02,demo-comp-1-060-0,2026-09-05T12:00:00Z,架空競合 エージェント検証 ✨,TEXT,1100,80,8,5,1820
X,demo_competitor_x_02,demo-comp-1-060-1,2026-09-05T12:00:00Z,架空競合 分析ノート ✨,IMAGE,1100,80,8,5,1820
INSTAGRAM,demo_competitor_instagram_01,demo-comp-2-060-0,2026-09-05T12:00:00Z,架空競合 動画ラボ ✨,VIDEO,1300,55,10,6,1130
X,demo_competitor_x_01,demo-comp-0-061-0,2026-09-06T12:00:00Z,架空競合 効率化実験 ✨,TEXT,900,31,6,4,2461
X,demo_competitor_x_01,demo-comp-0-061-1,2026-09-06T12:00:00Z,架空競合 エージェント検証 ✨,IMAGE,900,31,6,4,2461
X,demo_competitor_x_01,demo-comp-0-061-2,2026-09-06T12:00:00Z,架空競合 分析ノート ✨,TEXT,900,31,6,4,2461
X,demo_competitor_x_02,demo-comp-1-061-0,2026-09-06T12:00:00Z,架空競合 分析ノート ✨,TEXT,1100,81,8,5,1822
X,demo_competitor_x_02,demo-comp-1-061-1,2026-09-06T12:00:00Z,架空競合 動画ラボ ✨,IMAGE,1100,81,8,5,1822
INSTAGRAM,demo_competitor_instagram_01,demo-comp-2-061-0,2026-09-06T12:00:00Z,架空競合 運用メモ ✨,VIDEO,1300,56,10,6,1133
X,demo_competitor_x_01,demo-comp-0-062-0,2026-09-07T12:00:00Z,架空競合 エージェント検証 ✨,TEXT,900,32,6,4,2462
X,demo_competitor_x_01,demo-comp-0-062-1,2026-09-07T12:00:00Z,架空競合 分析ノート ✨,IMAGE,900,32,6,4,2462
X,demo_competitor_x_01,demo-comp-0-062-2,2026-09-07T12:00:00Z,架空競合 動画ラボ ✨,TEXT,900,32,6,4,2462
X,demo_competitor_x_02,demo-comp-1-062-0,2026-09-07T12:00:00Z,架空競合 動画ラボ ✨,TEXT,1100,82,8,5,1824
X,demo_competitor_x_02,demo-comp-1-062-1,2026-09-07T12:00:00Z,架空競合 運用メモ ✨,IMAGE,1100,82,8,5,1824
INSTAGRAM,demo_competitor_instagram_01,demo-comp-2-062-0,2026-09-07T12:00:00Z,架空競合 生成AI研究 ✨,VIDEO,1300,57,10,6,1136
X,demo_competitor_x_01,demo-comp-0-063-0,2026-09-08T12:00:00Z,架空競合 分析ノート ✨,TEXT,900,33,6,4,2463
X,demo_competitor_x_01,demo-comp-0-063-1,2026-09-08T12:00:00Z,架空競合 動画ラボ ✨,IMAGE,900,33,6,4,2463
X,demo_competitor_x_01,demo-comp-0-063-2,2026-09-08T12:00:00Z,架空競合 運用メモ ✨,TEXT,900,33,6,4,2463
X,demo_competitor_x_02,demo-comp-1-063-0,2026-09-08T12:00:00Z,架空競合 運用メモ ✨,TEXT,1100,83,8,5,1826
X,demo_competitor_x_02,demo-comp-1-063-1,2026-09-08T12:00:00Z,架空競合 生成AI研究 ✨,IMAGE,1100,83,8,5,1826
INSTAGRAM,demo_competitor_instagram_01,demo-comp-2-063-0,2026-09-08T12:00:00Z,架空競合 効率化実験 ✨,VIDEO,1300,58,10,6,1139
X,demo_competitor_x_01,demo-comp-0-064-0,2026-09-09T12:00:00Z,架空競合 動画ラボ ✨,TEXT,900,34,6,4,2464
X,demo_competitor_x_01,demo-comp-0-064-1,2026-09-09T12:00:00Z,架空競合 運用メモ ✨,IMAGE,900,34,6,4,2464
X,demo_competitor_x_01,demo-comp-0-064-2,2026-09-09T12:00:00Z,架空競合 生成AI研究 ✨,TEXT,900,34,6,4,2464
X,demo_competitor_x_02,demo-comp-1-064-0,2026-09-09T12:00:00Z,架空競合 生成AI研究 ✨,TEXT,1100,84,8,5,1828
X,demo_competitor_x_02,demo-comp-1-064-1,2026-09-09T12:00:00Z,架空競合 効率化実験 ✨,IMAGE,1100,84,8,5,1828
INSTAGRAM,demo_competitor_instagram_01,demo-comp-2-064-0,2026-09-09T12:00:00Z,架空競合 エージェント検証 ✨,VIDEO,1300,59,10,6,1142
X,demo_competitor_x_01,demo-comp-0-065-0,2026-09-10T12:00:00Z,架空競合 運用メモ ✨,TEXT,900,35,6,4,2465
X,demo_competitor_x_01,demo-comp-0-065-1,2026-09-10T12:00:00Z,架空競合 生成AI研究 ✨,IMAGE,900,35,6,4,2465
X,demo_competitor_x_01,demo-comp-0-065-2,2026-09-10T12:00:00Z,架空競合 効率化実験 ✨,TEXT,900,35,6,4,2465
X,demo_competitor_x_02,demo-comp-1-065-0,2026-09-10T12:00:00Z,架空競合 効率化実験 ✨,TEXT,1100,85,8,5,1830
X,demo_competitor_x_02,demo-comp-1-065-1,2026-09-10T12:00:00Z,架空競合 エージェント検証 ✨,IMAGE,1100,85,8,5,1830
INSTAGRAM,demo_competitor_instagram_01,demo-comp-2-065-0,2026-09-10T12:00:00Z,架空競合 分析ノート ✨,VIDEO,1300,60,10,6,1145
X,demo_competitor_x_01,demo-comp-0-066-0,2026-09-11T12:00:00Z,架空競合 生成AI研究 ✨,TEXT,900,36,6,4,2466
X,demo_competitor_x_01,demo-comp-0-066-1,2026-09-11T12:00:00Z,架空競合 効率化実験 ✨,IMAGE,900,36,6,4,2466
X,demo_competitor_x_01,demo-comp-0-066-2,2026-09-11T12:00:00Z,架空競合 エージェント検証 ✨,TEXT,900,36,6,4,2466
X,demo_competitor_x_02,demo-comp-1-066-0,2026-09-11T12:00:00Z,架空競合 エージェント検証 ✨,TEXT,1100,86,8,5,1832
X,demo_competitor_x_02,demo-comp-1-066-1,2026-09-11T12:00:00Z,架空競合 分析ノート ✨,IMAGE,1100,86,8,5,1832
INSTAGRAM,demo_competitor_instagram_01,demo-comp-2-066-0,2026-09-11T12:00:00Z,架空競合 動画ラボ ✨,VIDEO,1300,61,10,6,1148
X,demo_competitor_x_01,demo-comp-0-067-0,2026-09-12T12:00:00Z,架空競合 効率化実験 ✨,TEXT,900,37,6,4,2467
X,demo_competitor_x_01,demo-comp-0-067-1,2026-09-12T12:00:00Z,架空競合 エージェント検証 ✨,IMAGE,900,37,6,4,2467
X,demo_competitor_x_01,demo-comp-0-067-2,2026-09-12T12:00:00Z,架空競合 分析ノート ✨,TEXT,900,37,6,4,2467
X,demo_competitor_x_02,demo-comp-1-067-0,2026-09-12T12:00:00Z,架空競合 分析ノート ✨,TEXT,1100,87,8,5,1834
X,demo_competitor_x_02,demo-comp-1-067-1,2026-09-12T12:00:00Z,架空競合 動画ラボ ✨,IMAGE,1100,87,8,5,1834
INSTAGRAM,demo_competitor_instagram_01,demo-comp-2-067-0,2026-09-12T12:00:00Z,架空競合 運用メモ ✨,VIDEO,1300,62,10,6,1151
X,demo_competitor_x_01,demo-comp-0-068-0,2026-09-13T12:00:00Z,架空競合 エージェント検証 ✨,TEXT,900,38,6,4,2468
X,demo_competitor_x_01,demo-comp-0-068-1,2026-09-13T12:00:00Z,架空競合 分析ノート ✨,IMAGE,900,38,6,4,2468
X,demo_competitor_x_01,demo-comp-0-068-2,2026-09-13T12:00:00Z,架空競合 動画ラボ ✨,TEXT,900,38,6,4,2468
X,demo_competitor_x_02,demo-comp-1-068-0,2026-09-13T12:00:00Z,架空競合 動画ラボ ✨,TEXT,1100,88,8,5,1836
X,demo_competitor_x_02,demo-comp-1-068-1,2026-09-13T12:00:00Z,架空競合 運用メモ ✨,IMAGE,1100,88,8,5,1836
INSTAGRAM,demo_competitor_instagram_01,demo-comp-2-068-0,2026-09-13T12:00:00Z,架空競合 生成AI研究 ✨,VIDEO,1300,63,10,6,1154
X,demo_competitor_x_01,demo-comp-0-069-0,2026-09-14T12:00:00Z,架空競合 分析ノート ✨,TEXT,900,39,6,4,2469
X,demo_competitor_x_01,demo-comp-0-069-1,2026-09-14T12:00:00Z,架空競合 動画ラボ ✨,IMAGE,900,39,6,4,2469
X,demo_competitor_x_01,demo-comp-0-069-2,2026-09-14T12:00:00Z,架空競合 運用メモ ✨,TEXT,900,39,6,4,2469
X,demo_competitor_x_02,demo-comp-1-069-0,2026-09-14T12:00:00Z,架空競合 運用メモ ✨,TEXT,1100,89,8,5,1838
X,demo_competitor_x_02,demo-comp-1-069-1,2026-09-14T12:00:00Z,架空競合 生成AI研究 ✨,IMAGE,1100,89,8,5,1838
INSTAGRAM,demo_competitor_instagram_01,demo-comp-2-069-0,2026-09-14T12:00:00Z,架空競合 効率化実験 ✨,VIDEO,1300,64,10,6,1157
X,demo_competitor_x_01,demo-comp-0-070-0,2026-09-15T12:00:00Z,架空競合 動画ラボ ✨,TEXT,900,40,6,4,2470
X,demo_competitor_x_01,demo-comp-0-070-1,2026-09-15T12:00:00Z,架空競合 運用メモ ✨,IMAGE,900,40,6,4,2470
X,demo_competitor_x_01,demo-comp-0-070-2,2026-09-15T12:00:00Z,架空競合 生成AI研究 ✨,TEXT,900,40,6,4,2470
X,demo_competitor_x_02,demo-comp-1-070-0,2026-09-15T12:00:00Z,架空競合 生成AI研究 ✨,TEXT,1100,90,8,5,1840
X,demo_competitor_x_02,demo-comp-1-070-1,2026-09-15T12:00:00Z,架空競合 効率化実験 ✨,IMAGE,1100,90,8,5,1840
INSTAGRAM,demo_competitor_instagram_01,demo-comp-2-070-0,2026-09-15T12:00:00Z,架空競合 エージェント検証 ✨,VIDEO,1300,65,10,6,1160
X,demo_competitor_x_01,demo-comp-0-071-0,2026-09-16T12:00:00Z,架空競合 運用メモ ✨,TEXT,900,41,6,4,2471
X,demo_competitor_x_01,demo-comp-0-071-1,2026-09-16T12:00:00Z,架空競合 生成AI研究 ✨,IMAGE,900,41,6,4,2471
X,demo_competitor_x_01,demo-comp-0-071-2,2026-09-16T12:00:00Z,架空競合 効率化実験 ✨,TEXT,900,41,6,4,2471
X,demo_competitor_x_02,demo-comp-1-071-0,2026-09-16T12:00:00Z,架空競合 効率化実験 ✨,TEXT,1100,91,8,5,1842
X,demo_competitor_x_02,demo-comp-1-071-1,2026-09-16T12:00:00Z,架空競合 エージェント検証 ✨,IMAGE,1100,91,8,5,1842
INSTAGRAM,demo_competitor_instagram_01,demo-comp-2-071-0,2026-09-16T12:00:00Z,架空競合 分析ノート ✨,VIDEO,1300,66,10,6,1163
X,demo_competitor_x_01,demo-comp-0-072-0,2026-09-17T12:00:00Z,架空競合 生成AI研究 ✨,TEXT,900,30,6,4,2472
X,demo_competitor_x_01,demo-comp-0-072-1,2026-09-17T12:00:00Z,架空競合 効率化実験 ✨,IMAGE,900,30,6,4,2472
X,demo_competitor_x_01,demo-comp-0-072-2,2026-09-17T12:00:00Z,架空競合 エージェント検証 ✨,TEXT,900,30,6,4,2472
X,demo_competitor_x_02,demo-comp-1-072-0,2026-09-17T12:00:00Z,架空競合 エージェント検証 ✨,TEXT,1100,80,8,5,1844
X,demo_competitor_x_02,demo-comp-1-072-1,2026-09-17T12:00:00Z,架空競合 分析ノート ✨,IMAGE,1100,80,8,5,1844
INSTAGRAM,demo_competitor_instagram_01,demo-comp-2-072-0,2026-09-17T12:00:00Z,架空競合 動画ラボ ✨,VIDEO,1300,55,10,6,1166
X,demo_competitor_x_01,demo-comp-0-073-0,2026-09-18T12:00:00Z,架空競合 効率化実験 ✨,TEXT,900,31,6,4,2473
X,demo_competitor_x_01,demo-comp-0-073-1,2026-09-18T12:00:00Z,架空競合 エージェント検証 ✨,IMAGE,900,31,6,4,2473
X,demo_competitor_x_01,demo-comp-0-073-2,2026-09-18T12:00:00Z,架空競合 分析ノート ✨,TEXT,900,31,6,4,2473
X,demo_competitor_x_02,demo-comp-1-073-0,2026-09-18T12:00:00Z,架空競合 分析ノート ✨,TEXT,1100,81,8,5,1846
X,demo_competitor_x_02,demo-comp-1-073-1,2026-09-18T12:00:00Z,架空競合 動画ラボ ✨,IMAGE,1100,81,8,5,1846
INSTAGRAM,demo_competitor_instagram_01,demo-comp-2-073-0,2026-09-18T12:00:00Z,架空競合 運用メモ ✨,VIDEO,1300,56,10,6,1169
X,demo_competitor_x_01,demo-comp-0-074-0,2026-09-19T12:00:00Z,架空競合 エージェント検証 ✨,TEXT,900,32,6,4,2474
X,demo_competitor_x_01,demo-comp-0-074-1,2026-09-19T12:00:00Z,架空競合 分析ノート ✨,IMAGE,900,32,6,4,2474
X,demo_competitor_x_01,demo-comp-0-074-2,2026-09-19T12:00:00Z,架空競合 動画ラボ ✨,TEXT,900,32,6,4,2474
X,demo_competitor_x_02,demo-comp-1-074-0,2026-09-19T12:00:00Z,架空競合 動画ラボ ✨,TEXT,1100,82,8,5,1848
X,demo_competitor_x_02,demo-comp-1-074-1,2026-09-19T12:00:00Z,架空競合 運用メモ ✨,IMAGE,1100,82,8,5,1848
INSTAGRAM,demo_competitor_instagram_01,demo-comp-2-074-0,2026-09-19T12:00:00Z,架空競合 生成AI研究 ✨,VIDEO,1300,57,10,6,1172
X,demo_competitor_x_01,demo-comp-0-075-0,2026-09-20T12:00:00Z,架空競合 分析ノート ✨,TEXT,900,33,6,4,2475
X,demo_competitor_x_01,demo-comp-0-075-1,2026-09-20T12:00:00Z,架空競合 動画ラボ ✨,IMAGE,900,33,6,4,2475
X,demo_competitor_x_01,demo-comp-0-075-2,2026-09-20T12:00:00Z,架空競合 運用メモ ✨,TEXT,900,33,6,4,2475
X,demo_competitor_x_02,demo-comp-1-075-0,2026-09-20T12:00:00Z,架空競合 運用メモ ✨,TEXT,1100,83,8,5,1850
X,demo_competitor_x_02,demo-comp-1-075-1,2026-09-20T12:00:00Z,架空競合 生成AI研究 ✨,IMAGE,1100,83,8,5,1850
INSTAGRAM,demo_competitor_instagram_01,demo-comp-2-075-0,2026-09-20T12:00:00Z,架空競合 効率化実験 ✨,VIDEO,1300,58,10,6,1175
X,demo_competitor_x_01,demo-comp-0-076-0,2026-09-21T12:00:00Z,架空競合 動画ラボ ✨,TEXT,900,34,6,4,2476
X,demo_competitor_x_01,demo-comp-0-076-1,2026-09-21T12:00:00Z,架空競合 運用メモ ✨,IMAGE,900,34,6,4,2476
X,demo_competitor_x_01,demo-comp-0-076-2,2026-09-21T12:00:00Z,架空競合 生成AI研究 ✨,TEXT,900,34,6,4,2476
X,demo_competitor_x_02,demo-comp-1-076-0,2026-09-21T12:00:00Z,架空競合 生成AI研究 ✨,TEXT,1100,84,8,5,1852
X,demo_competitor_x_02,demo-comp-1-076-1,2026-09-21T12:00:00Z,架空競合 効率化実験 ✨,IMAGE,1100,84,8,5,1852
INSTAGRAM,demo_competitor_instagram_01,demo-comp-2-076-0,2026-09-21T12:00:00Z,架空競合 エージェント検証 ✨,VIDEO,1300,59,10,6,1178
X,demo_competitor_x_01,demo-comp-0-077-0,2026-09-22T12:00:00Z,架空競合 運用メモ ✨,TEXT,900,35,6,4,2477
X,demo_competitor_x_01,demo-comp-0-077-1,2026-09-22T12:00:00Z,架空競合 生成AI研究 ✨,IMAGE,900,35,6,4,2477
X,demo_competitor_x_01,demo-comp-0-077-2,2026-09-22T12:00:00Z,架空競合 効率化実験 ✨,TEXT,900,35,6,4,2477
X,demo_competitor_x_02,demo-comp-1-077-0,2026-09-22T12:00:00Z,架空競合 効率化実験 ✨,TEXT,1100,85,8,5,1854
X,demo_competitor_x_02,demo-comp-1-077-1,2026-09-22T12:00:00Z,架空競合 エージェント検証 ✨,IMAGE,1100,85,8,5,1854
INSTAGRAM,demo_competitor_instagram_01,demo-comp-2-077-0,2026-09-22T12:00:00Z,架空競合 分析ノート ✨,VIDEO,1300,60,10,6,1181
X,demo_competitor_x_01,demo-comp-0-078-0,2026-09-23T12:00:00Z,架空競合 生成AI研究 ✨,TEXT,900,36,6,4,2478
X,demo_competitor_x_01,demo-comp-0-078-1,2026-09-23T12:00:00Z,架空競合 効率化実験 ✨,IMAGE,900,36,6,4,2478
X,demo_competitor_x_01,demo-comp-0-078-2,2026-09-23T12:00:00Z,架空競合 エージェント検証 ✨,TEXT,900,36,6,4,2478
X,demo_competitor_x_02,demo-comp-1-078-0,2026-09-23T12:00:00Z,架空競合 エージェント検証 ✨,TEXT,1100,86,8,5,1856
X,demo_competitor_x_02,demo-comp-1-078-1,2026-09-23T12:00:00Z,架空競合 分析ノート ✨,IMAGE,1100,86,8,5,1856
INSTAGRAM,demo_competitor_instagram_01,demo-comp-2-078-0,2026-09-23T12:00:00Z,架空競合 動画ラボ ✨,VIDEO,1300,61,10,6,1184
X,demo_competitor_x_01,demo-comp-0-079-0,2026-09-24T12:00:00Z,架空競合 効率化実験 ✨,TEXT,900,37,6,4,2479
X,demo_competitor_x_01,demo-comp-0-079-1,2026-09-24T12:00:00Z,架空競合 エージェント検証 ✨,IMAGE,900,37,6,4,2479
X,demo_competitor_x_01,demo-comp-0-079-2,2026-09-24T12:00:00Z,架空競合 分析ノート ✨,TEXT,900,37,6,4,2479
X,demo_competitor_x_02,demo-comp-1-079-0,2026-09-24T12:00:00Z,架空競合 分析ノート ✨,TEXT,1100,87,8,5,1858
X,demo_competitor_x_02,demo-comp-1-079-1,2026-09-24T12:00:00Z,架空競合 動画ラボ ✨,IMAGE,1100,87,8,5,1858
INSTAGRAM,demo_competitor_instagram_01,demo-comp-2-079-0,2026-09-24T12:00:00Z,架空競合 運用メモ ✨,VIDEO,1300,62,10,6,1187
X,demo_competitor_x_01,demo-comp-0-080-0,2026-09-25T12:00:00Z,架空競合 エージェント検証 ✨,TEXT,900,38,6,4,2480
X,demo_competitor_x_01,demo-comp-0-080-1,2026-09-25T12:00:00Z,架空競合 分析ノート ✨,IMAGE,900,38,6,4,2480
X,demo_competitor_x_01,demo-comp-0-080-2,2026-09-25T12:00:00Z,架空競合 動画ラボ ✨,TEXT,900,38,6,4,2480
X,demo_competitor_x_02,demo-comp-1-080-0,2026-09-25T12:00:00Z,架空競合 動画ラボ ✨,TEXT,1100,88,8,5,1860
X,demo_competitor_x_02,demo-comp-1-080-1,2026-09-25T12:00:00Z,架空競合 運用メモ ✨,IMAGE,1100,88,8,5,1860
INSTAGRAM,demo_competitor_instagram_01,demo-comp-2-080-0,2026-09-25T12:00:00Z,架空競合 生成AI研究 ✨,VIDEO,1300,63,10,6,1190
X,demo_competitor_x_01,demo-comp-0-081-0,2026-09-26T12:00:00Z,架空競合 分析ノート ✨,TEXT,900,39,6,4,2481
X,demo_competitor_x_01,demo-comp-0-081-1,2026-09-26T12:00:00Z,架空競合 動画ラボ ✨,IMAGE,900,39,6,4,2481
X,demo_competitor_x_01,demo-comp-0-081-2,2026-09-26T12:00:00Z,架空競合 運用メモ ✨,TEXT,900,39,6,4,2481
X,demo_competitor_x_02,demo-comp-1-081-0,2026-09-26T12:00:00Z,架空競合 運用メモ ✨,TEXT,1100,89,8,5,1862
X,demo_competitor_x_02,demo-comp-1-081-1,2026-09-26T12:00:00Z,架空競合 生成AI研究 ✨,IMAGE,1100,89,8,5,1862
INSTAGRAM,demo_competitor_instagram_01,demo-comp-2-081-0,2026-09-26T12:00:00Z,架空競合 効率化実験 ✨,VIDEO,1300,64,10,6,1193
X,demo_competitor_x_01,demo-comp-0-082-0,2026-09-27T12:00:00Z,架空競合 動画ラボ ✨,TEXT,900,40,6,4,2482
X,demo_competitor_x_01,demo-comp-0-082-1,2026-09-27T12:00:00Z,架空競合 運用メモ ✨,IMAGE,900,40,6,4,2482
X,demo_competitor_x_01,demo-comp-0-082-2,2026-09-27T12:00:00Z,架空競合 生成AI研究 ✨,TEXT,900,40,6,4,2482
X,demo_competitor_x_02,demo-comp-1-082-0,2026-09-27T12:00:00Z,架空競合 生成AI研究 ✨,TEXT,1100,90,8,5,1864
X,demo_competitor_x_02,demo-comp-1-082-1,2026-09-27T12:00:00Z,架空競合 効率化実験 ✨,IMAGE,1100,90,8,5,1864
INSTAGRAM,demo_competitor_instagram_01,demo-comp-2-082-0,2026-09-27T12:00:00Z,架空競合 エージェント検証 ✨,VIDEO,1300,65,10,6,1196
X,demo_competitor_x_01,demo-comp-0-083-0,2026-09-28T12:00:00Z,架空競合 運用メモ ✨,TEXT,900,41,6,4,2483
X,demo_competitor_x_01,demo-comp-0-083-1,2026-09-28T12:00:00Z,架空競合 生成AI研究 ✨,IMAGE,900,41,6,4,2483
X,demo_competitor_x_01,demo-comp-0-083-2,2026-09-28T12:00:00Z,架空競合 効率化実験 ✨,TEXT,900,41,6,4,2483
X,demo_competitor_x_02,demo-comp-1-083-0,2026-09-28T12:00:00Z,架空競合 効率化実験 ✨,TEXT,1100,91,8,5,1866
X,demo_competitor_x_02,demo-comp-1-083-1,2026-09-28T12:00:00Z,架空競合 エージェント検証 ✨,IMAGE,1100,91,8,5,1866
INSTAGRAM,demo_competitor_instagram_01,demo-comp-2-083-0,2026-09-28T12:00:00Z,架空競合 分析ノート ✨,VIDEO,1300,66,10,6,1199
X,demo_competitor_x_01,demo-comp-0-084-0,2026-09-29T12:00:00Z,架空競合 生成AI研究 ✨,TEXT,900,30,6,4,2484
X,demo_competitor_x_01,demo-comp-0-084-1,2026-09-29T12:00:00Z,架空競合 効率化実験 ✨,IMAGE,900,30,6,4,2484
X,demo_competitor_x_01,demo-comp-0-084-2,2026-09-29T12:00:00Z,架空競合 エージェント検証 ✨,TEXT,900,30,6,4,2484
X,demo_competitor_x_02,demo-comp-1-084-0,2026-09-29T12:00:00Z,架空競合 エージェント検証 ✨,TEXT,1100,80,8,5,1868
X,demo_competitor_x_02,demo-comp-1-084-1,2026-09-29T12:00:00Z,架空競合 分析ノート ✨,IMAGE,1100,80,8,5,1868
INSTAGRAM,demo_competitor_instagram_01,demo-comp-2-084-0,2026-09-29T12:00:00Z,架空競合 動画ラボ ✨,VIDEO,1300,55,10,6,1202
X,demo_competitor_x_01,demo-comp-0-085-0,2026-09-30T12:00:00Z,架空競合 効率化実験 ✨,TEXT,900,31,6,4,2485
X,demo_competitor_x_01,demo-comp-0-085-1,2026-09-30T12:00:00Z,架空競合 エージェント検証 ✨,IMAGE,900,31,6,4,2485
X,demo_competitor_x_01,demo-comp-0-085-2,2026-09-30T12:00:00Z,架空競合 分析ノート ✨,TEXT,900,31,6,4,2485
X,demo_competitor_x_02,demo-comp-1-085-0,2026-09-30T12:00:00Z,架空競合 分析ノート ✨,TEXT,1100,81,8,5,1870
X,demo_competitor_x_02,demo-comp-1-085-1,2026-09-30T12:00:00Z,架空競合 動画ラボ ✨,IMAGE,1100,81,8,5,1870
INSTAGRAM,demo_competitor_instagram_01,demo-comp-2-085-0,2026-09-30T12:00:00Z,架空競合 運用メモ ✨,VIDEO,1300,56,10,6,1205
X,demo_competitor_x_01,demo-comp-0-086-0,2026-10-01T12:00:00Z,架空競合 エージェント検証 ✨,TEXT,900,32,6,4,2486
X,demo_competitor_x_01,demo-comp-0-086-1,2026-10-01T12:00:00Z,架空競合 分析ノート ✨,IMAGE,900,32,6,4,2486
X,demo_competitor_x_01,demo-comp-0-086-2,2026-10-01T12:00:00Z,架空競合 動画ラボ ✨,TEXT,900,32,6,4,2486
X,demo_competitor_x_02,demo-comp-1-086-0,2026-10-01T12:00:00Z,架空競合 動画ラボ ✨,TEXT,1100,82,8,5,1872
X,demo_competitor_x_02,demo-comp-1-086-1,2026-10-01T12:00:00Z,架空競合 運用メモ ✨,IMAGE,1100,82,8,5,1872
INSTAGRAM,demo_competitor_instagram_01,demo-comp-2-086-0,2026-10-01T12:00:00Z,架空競合 生成AI研究 ✨,VIDEO,1300,57,10,6,1208
X,demo_competitor_x_01,demo-comp-0-087-0,2026-10-02T12:00:00Z,架空競合 分析ノート ✨,TEXT,900,33,6,4,2487
X,demo_competitor_x_01,demo-comp-0-087-1,2026-10-02T12:00:00Z,架空競合 動画ラボ ✨,IMAGE,900,33,6,4,2487
X,demo_competitor_x_01,demo-comp-0-087-2,2026-10-02T12:00:00Z,架空競合 運用メモ ✨,TEXT,900,33,6,4,2487
X,demo_competitor_x_02,demo-comp-1-087-0,2026-10-02T12:00:00Z,架空競合 運用メモ ✨,TEXT,1100,83,8,5,1874
X,demo_competitor_x_02,demo-comp-1-087-1,2026-10-02T12:00:00Z,架空競合 生成AI研究 ✨,IMAGE,1100,83,8,5,1874
INSTAGRAM,demo_competitor_instagram_01,demo-comp-2-087-0,2026-10-02T12:00:00Z,架空競合 効率化実験 ✨,VIDEO,1300,58,10,6,1211
X,demo_competitor_x_01,demo-comp-0-088-0,2026-10-03T12:00:00Z,架空競合 動画ラボ ✨,TEXT,900,34,6,4,2488
X,demo_competitor_x_01,demo-comp-0-088-1,2026-10-03T12:00:00Z,架空競合 運用メモ ✨,IMAGE,900,34,6,4,2488
X,demo_competitor_x_01,demo-comp-0-088-2,2026-10-03T12:00:00Z,架空競合 生成AI研究 ✨,TEXT,900,34,6,4,2488
X,demo_competitor_x_02,demo-comp-1-088-0,2026-10-03T12:00:00Z,架空競合 生成AI研究 ✨,TEXT,1100,84,8,5,1876
X,demo_competitor_x_02,demo-comp-1-088-1,2026-10-03T12:00:00Z,架空競合 効率化実験 ✨,IMAGE,1100,84,8,5,1876
INSTAGRAM,demo_competitor_instagram_01,demo-comp-2-088-0,2026-10-03T12:00:00Z,架空競合 エージェント検証 ✨,VIDEO,1300,59,10,6,1214
X,demo_competitor_x_01,demo-comp-0-089-0,2026-10-04T12:00:00Z,架空競合 運用メモ ✨,TEXT,900,35,6,4,2489
X,demo_competitor_x_01,demo-comp-0-089-1,2026-10-04T12:00:00Z,架空競合 生成AI研究 ✨,IMAGE,900,35,6,4,2489
X,demo_competitor_x_01,demo-comp-0-089-2,2026-10-04T12:00:00Z,架空競合 効率化実験 ✨,TEXT,900,35,6,4,2489
X,demo_competitor_x_02,demo-comp-1-089-0,2026-10-04T12:00:00Z,架空競合 効率化実験 ✨,TEXT,1100,85,8,5,1878
X,demo_competitor_x_02,demo-comp-1-089-1,2026-10-04T12:00:00Z,架空競合 エージェント検証 ✨,IMAGE,1100,85,8,5,1878
INSTAGRAM,demo_competitor_instagram_01,demo-comp-2-089-0,2026-10-04T12:00:00Z,架空競合 分析ノート ✨,VIDEO,1300,60,10,6,1217
