platform,post_id,account_name,posted_at,text,media_type,impressions,reach,views,likes,comments,shares,saves,hashtags
X,demo-own-0-000,demo_own_x,2026-07-07T12:00:00Z,架空デモ 分析ノート / 生成AI研究 日本語 ✨,TEXT,600,400,200,18,3,2,1,
INSTAGRAM,demo-own-1-000,demo_own_instagram,2026-07-07T12:00:00Z,架空デモ 分析ノート / 生成AI研究 日本語 ✨,IMAGE,600,400,200,26,3,2,1,
X,demo-own-0-001,demo_own_x,2026-07-08T12:00:00Z,架空デモ 分析ノート / 効率化実験 日本語 ✨,IMAGE,604,403,202,19,4,3,2,#分析ノート;#効率化実験
INSTAGRAM,demo-own-1-001,demo_own_instagram,2026-07-08T12:00:00Z,架空デモ 分析ノート / 効率化実験 日本語 ✨,VIDEO,604,403,202,27,4,3,2,#分析ノート;#効率化実験
X,demo-own-0-002,demo_own_x,2026-07-09T12:00:00Z,架空デモ 分析ノート / 効率化実験 日本語 ✨,VIDEO,608,406,204,20,5,4,3,#分析ノート;#効率化実験
INSTAGRAM,demo-own-1-002,demo_own_instagram,2026-07-09T12:00:00Z,架空デモ 分析ノート / 効率化実験 日本語 ✨,CAROUSEL,608,406,204,28,5,4,3,#分析ノート;#効率化実験
X,demo-own-0-003,demo_own_x,2026-07-10T12:00:00Z,架空デモ 分析ノート / 効率化実験 日本語 ✨,CAROUSEL,612,409,206,21,6,2,4,#分析ノート;#効率化実験
INSTAGRAM,demo-own-1-003,demo_own_instagram,2026-07-10T12:00:00Z,架空デモ 分析ノート / 効率化実験 日本語 ✨,TEXT,612,409,206,29,6,2,4,#分析ノート;#効率化実験
X,demo-own-0-004,demo_own_x,2026-07-11T12:00:00Z,架空デモ 分析ノート 日本語 ✨,TEXT,616,412,208,22,3,3,5,#分析ノート
INSTAGRAM,demo-own-1-004,demo_own_instagram,2026-07-11T12:00:00Z,架空デモ 分析ノート 日本語 ✨,IMAGE,616,412,208,30,3,3,5,#分析ノート
X,demo-own-0-005,demo_own_x,2026-07-12T12:00:00Z,架空デモ 分析ノート / 効率化実験 日本語 ✨,IMAGE,620,415,210,23,4,4,1,
INSTAGRAM,demo-own-1-005,demo_own_instagram,2026-07-12T12:00:00Z,架空デモ 分析ノート / 効率化実験 日本語 ✨,VIDEO,620,415,210,31,4,4,1,
X,demo-own-0-006,demo_own_x,2026-07-13T12:00:00Z,架空デモ 分析ノート / 効率化実験 日本語 ✨,VIDEO,624,418,212,24,5,2,2,#分析ノート;#効率化実験
INSTAGRAM,demo-own-1-006,demo_own_instagram,2026-07-13T12:00:00Z,架空デモ 分析ノート / 効率化実験 日本語 ✨,CAROUSEL,624,418,212,32,5,2,2,#分析ノート;#効率化実験
X,demo-own-0-007,demo_own_x,2026-07-14T12:00:00Z,架空デモ 分析ノート / 効率化実験 日本語 ✨,CAROUSEL,628,421,214,25,6,3,3,#分析ノート;#効率化実験
INSTAGRAM,demo-own-1-007,demo_own_instagram,2026-07-14T12:00:00Z,架空デモ 分析ノート / 効率化実験 日本語 ✨,TEXT,628,421,214,33,6,3,3,#分析ノート;#効率化実験
X,demo-own-0-008,demo_own_x,2026-07-15T12:00:00Z,架空デモ 分析ノート 日本語 ✨,TEXT,632,424,216,26,3,4,4,#分析ノート
INSTAGRAM,demo-own-1-008,demo_own_instagram,2026-07-15T12:00:00Z,架空デモ 分析ノート 日本語 ✨,IMAGE,632,424,216,34,3,4,4,#分析ノート
X,demo-own-0-009,demo_own_x,2026-07-16T12:00:00Z,架空デモ 分析ノート / 効率化実験 日本語 ✨,IMAGE,636,427,218,27,4,2,5,#分析ノート;#効率化実験
INSTAGRAM,demo-own-1-009,demo_own_instagram,2026-07-16T12:00:00Z,架空デモ 分析ノート / 効率化実験 日本語 ✨,VIDEO,636,427,218,35,4,2,5,#分析ノート;#効率化実験
X,demo-own-0-010,demo_own_x,2026-07-17T12:00:00Z,架空デモ 分析ノート / 効率化実験 / 生成AI研究 日本語 ✨,VIDEO,640,430,220,28,5,3,1,
INSTAGRAM,demo-own-1-010,demo_own_instagram,2026-07-17T12:00:00Z,架空デモ 分析ノート / 効率化実験 / 生成AI研究 日本語 ✨,CAROUSEL,640,430,220,36,5,3,1,
X,demo-own-0-011,demo_own_x,2026-07-18T12:00:00Z,架空デモ 分析ノート / 効率化実験 日本語 ✨,CAROUSEL,644,433,222,29,6,4,2,#分析ノート;#効率化実験
INSTAGRAM,demo-own-1-011,demo_own_instagram,2026-07-18T12:00:00Z,架空デモ 分析ノート / 効率化実験 日本語 ✨,TEXT,644,433,222,37,6,4,2,#分析ノート;#効率化実験
X,demo-own-0-012,demo_own_x,2026-07-19T12:00:00Z,架空デモ 分析ノート 日本語 ✨,TEXT,648,436,224,30,3,2,3,#分析ノート
INSTAGRAM,demo-own-1-012,demo_own_instagram,2026-07-19T12:00:00Z,架空デモ 分析ノート 日本語 ✨,IMAGE,648,436,224,38,3,2,3,#分析ノート
X,demo-own-0-013,demo_own_x,2026-07-20T12:00:00Z,架空デモ 分析ノート / 効率化実験 日本語 ✨,IMAGE,652,439,226,31,4,3,4,#分析ノート;#効率化実験
INSTAGRAM,demo-own-1-013,demo_own_instagram,2026-07-20T12:00:00Z,架空デモ 分析ノート / 効率化実験 日本語 ✨,VIDEO,652,439,226,39,4,3,4,#分析ノート;#効率化実験
X,demo-own-0-014,demo_own_x,2026-07-21T12:00:00Z,架空デモ 分析ノート / 効率化実験 日本語 ✨,VIDEO,656,442,228,32,5,4,5,#分析ノート;#効率化実験
INSTAGRAM,demo-own-1-014,demo_own_instagram,2026-07-21T12:00:00Z,架空デモ 分析ノート / 効率化実験 日本語 ✨,CAROUSEL,656,442,228,40,5,4,5,#分析ノート;#効率化実験
X,demo-own-0-015,demo_own_x,2026-07-22T12:00:00Z,架空デモ 分析ノート / 効率化実験 日本語 ✨,CAROUSEL,660,445,230,18,6,2,1,
INSTAGRAM,demo-own-1-015,demo_own_instagram,2026-07-22T12:00:00Z,架空デモ 分析ノート / 効率化実験 日本語 ✨,TEXT,660,445,230,26,6,2,1,
X,demo-own-0-016,demo_own_x,2026-07-23T12:00:00Z,架空デモ 分析ノート 日本語 ✨,TEXT,664,448,232,19,3,3,2,#分析ノート
INSTAGRAM,demo-own-1-016,demo_own_instagram,2026-07-23T12:00:00Z,架空デモ 分析ノート 日本語 ✨,IMAGE,664,448,232,27,3,3,2,#分析ノート
X,demo-own-0-017,demo_own_x,2026-07-24T12:00:00Z,架空デモ 分析ノート / 効率化実験 日本語 ✨,IMAGE,668,451,234,20,4,4,3,#分析ノート;#効率化実験
INSTAGRAM,demo-own-1-017,demo_own_instagram,2026-07-24T12:00:00Z,架空デモ 分析ノート / 効率化実験 日本語 ✨,VIDEO,668,451,234,28,4,4,3,#分析ノート;#効率化実験
X,demo-own-0-018,demo_own_x,2026-07-25T12:00:00Z,架空デモ 分析ノート / 効率化実験 日本語 ✨,VIDEO,672,454,236,21,5,2,4,#分析ノート;#効率化実験
INSTAGRAM,demo-own-1-018,demo_own_instagram,2026-07-25T12:00:00Z,架空デモ 分析ノート / 効率化実験 日本語 ✨,CAROUSEL,672,454,236,29,5,2,4,#分析ノート;#効率化実験
X,demo-own-0-019,demo_own_x,2026-07-26T12:00:00Z,架空デモ 分析ノート / 効率化実験 日本語 ✨,CAROUSEL,676,457,238,22,6,3,5,#分析ノート;#効率化実験
INSTAGRAM,demo-own-1-019,demo_own_instagram,2026-07-26T12:00:00Z,架空デモ 分析ノート / 効率化実験 日本語 ✨,TEXT,676,457,238,30,6,3,5,#分析ノート;#効率化実験
X,demo-own-0-020,demo_own_x,2026-07-27T12:00:00Z,架空デモ 分析ノート / 生成AI研究 日本語 ✨,TEXT,680,460,240,23,3,4,1,
INSTAGRAM,demo-own-1-020,demo_own_instagram,2026-07-27T12:00:00Z,架空デモ 分析ノート / 生成AI研究 日本語 ✨,IMAGE,680,460,240,31,3,4,1,
X,demo-own-0-021,demo_own_x,2026-07-28T12:00:00Z,架空デモ 分析ノート / 効率化実験 日本語 ✨,IMAGE,684,463,242,24,4,2,2,#分析ノート;#効率化実験
INSTAGRAM,demo-own-1-021,demo_own_instagram,2026-07-28T12:00:00Z,架空デモ 分析ノート / 効率化実験 日本語 ✨,VIDEO,684,463,242,32,4,2,2,#分析ノート;#効率化実験
X,demo-own-0-022,demo_own_x,2026-07-29T12:00:00Z,架空デモ 分析ノート / 効率化実験 日本語 ✨,VIDEO,688,466,244,25,5,3,3,#分析ノート;#効率化実験
INSTAGRAM,demo-own-1-022,demo_own_instagram,2026-07-29T12:00:00Z,架空デモ 分析ノート / 効率化実験 日本語 ✨,CAROUSEL,688,466,244,33,5,3,3,#分析ノート;#効率化実験
X,demo-own-0-023,demo_own_x,2026-07-30T12:00:00Z,架空デモ 分析ノート / 効率化実験 日本語 ✨,CAROUSEL,692,469,246,26,6,4,4,#分析ノート;#効率化実験
INSTAGRAM,demo-own-1-023,demo_own_instagram,2026-07-30T12:00:00Z,架空デモ 分析ノート / 効率化実験 日本語 ✨,TEXT,692,469,246,34,6,4,4,#分析ノート;#効率化実験
X,demo-own-0-024,demo_own_x,2026-07-31T12:00:00Z,架空デモ 分析ノート 日本語 ✨,TEXT,696,472,248,27,3,2,5,#分析ノート
INSTAGRAM,demo-own-1-024,demo_own_instagram,2026-07-31T12:00:00Z,架空デモ 分析ノート 日本語 ✨,IMAGE,696,472,248,35,3,2,5,#分析ノート
X,demo-own-0-025,demo_own_x,2026-08-01T12:00:00Z,架空デモ 分析ノート / 効率化実験 日本語 ✨,IMAGE,700,475,250,28,4,3,1,
INSTAGRAM,demo-own-1-025,demo_own_instagram,2026-08-01T12:00:00Z,架空デモ 分析ノート / 効率化実験 日本語 ✨,VIDEO,700,475,250,36,4,3,1,
X,demo-own-0-026,demo_own_x,2026-08-02T12:00:00Z,架空デモ 分析ノート / 効率化実験 日本語 ✨,VIDEO,704,478,252,29,5,4,2,#分析ノート;#効率化実験
INSTAGRAM,demo-own-1-026,demo_own_instagram,2026-08-02T12:00:00Z,架空デモ 分析ノート / 効率化実験 日本語 ✨,CAROUSEL,704,478,252,37,5,4,2,#分析ノート;#効率化実験
X,demo-own-0-027,demo_own_x,2026-08-03T12:00:00Z,架空デモ 分析ノート / 効率化実験 日本語 ✨,CAROUSEL,708,481,254,30,6,2,3,#分析ノート;#効率化実験
INSTAGRAM,demo-own-1-027,demo_own_instagram,2026-08-03T12:00:00Z,架空デモ 分析ノート / 効率化実験 日本語 ✨,TEXT,708,481,254,38,6,2,3,#分析ノート;#効率化実験
X,demo-own-0-028,demo_own_x,2026-08-04T12:00:00Z,架空デモ 分析ノート 日本語 ✨,TEXT,712,484,256,31,3,3,4,#分析ノート
INSTAGRAM,demo-own-1-028,demo_own_instagram,2026-08-04T12:00:00Z,架空デモ 分析ノート 日本語 ✨,IMAGE,712,484,256,39,3,3,4,#分析ノート
X,demo-own-0-029,demo_own_x,2026-08-05T12:00:00Z,架空デモ 分析ノート / 効率化実験 日本語 ✨,IMAGE,716,487,258,32,4,4,5,#分析ノート;#効率化実験
INSTAGRAM,demo-own-1-029,demo_own_instagram,2026-08-05T12:00:00Z,架空デモ 分析ノート / 効率化実験 日本語 ✨,VIDEO,716,487,258,40,4,4,5,#分析ノート;#効率化実験
X,demo-own-0-030,demo_own_x,2026-08-06T12:00:00Z,架空デモ 分析ノート / 効率化実験 / 生成AI研究 日本語 ✨,VIDEO,720,490,260,18,5,2,1,
INSTAGRAM,demo-own-1-030,demo_own_instagram,2026-08-06T12:00:00Z,架空デモ 分析ノート / 効率化実験 / 生成AI研究 日本語 ✨,CAROUSEL,720,490,260,26,5,2,1,
X,demo-own-0-031,demo_own_x,2026-08-07T12:00:00Z,架空デモ 分析ノート / 効率化実験 日本語 ✨,CAROUSEL,724,493,262,19,6,3,2,#分析ノート;#効率化実験
INSTAGRAM,demo-own-1-031,demo_own_instagram,2026-08-07T12:00:00Z,架空デモ 分析ノート / 効率化実験 日本語 ✨,TEXT,724,493,262,27,6,3,2,#分析ノート;#効率化実験
X,demo-own-0-032,demo_own_x,2026-08-08T12:00:00Z,架空デモ 分析ノート 日本語 ✨,TEXT,728,496,264,20,3,4,3,#分析ノート
INSTAGRAM,demo-own-1-032,demo_own_instagram,2026-08-08T12:00:00Z,架空デモ 分析ノート 日本語 ✨,IMAGE,728,496,264,28,3,4,3,#分析ノート
X,demo-own-0-033,demo_own_x,2026-08-09T12:00:00Z,架空デモ 分析ノート / 効率化実験 日本語 ✨,IMAGE,732,499,266,21,4,2,4,#分析ノート;#効率化実験
INSTAGRAM,demo-own-1-033,demo_own_instagram,2026-08-09T12:00:00Z,架空デモ 分析ノート / 効率化実験 日本語 ✨,VIDEO,732,499,266,29,4,2,4,#分析ノート;#効率化実験
X,demo-own-0-034,demo_own_x,2026-08-10T12:00:00Z,架空デモ 分析ノート / 効率化実験 日本語 ✨,VIDEO,736,502,268,22,5,3,5,#分析ノート;#効率化実験
INSTAGRAM,demo-own-1-034,demo_own_instagram,2026-08-10T12:00:00Z,架空デモ 分析ノート / 効率化実験 日本語 ✨,CAROUSEL,736,502,268,30,5,3,5,#分析ノート;#効率化実験
X,demo-own-0-035,demo_own_x,2026-08-11T12:00:00Z,架空デモ 分析ノート / 効率化実験 日本語 ✨,CAROUSEL,740,505,270,23,6,4,1,
INSTAGRAM,demo-own-1-035,demo_own_instagram,2026-08-11T12:00:00Z,架空デモ 分析ノート / 効率化実験 日本語 ✨,TEXT,740,505,270,31,6,4,1,
X,demo-own-0-036,demo_own_x,2026-08-12T12:00:00Z,架空デモ 分析ノート 日本語 ✨,TEXT,744,508,272,24,3,2,2,#分析ノート
INSTAGRAM,demo-own-1-036,demo_own_instagram,2026-08-12T12:00:00Z,架空デモ 分析ノート 日本語 ✨,IMAGE,744,508,272,32,3,2,2,#分析ノート
X,demo-own-0-037,demo_own_x,2026-08-13T12:00:00Z,架空デモ 分析ノート / 効率化実験 日本語 ✨,IMAGE,748,511,274,25,4,3,3,#分析ノート;#効率化実験
INSTAGRAM,demo-own-1-037,demo_own_instagram,2026-08-13T12:00:00Z,架空デモ 分析ノート / 効率化実験 日本語 ✨,VIDEO,748,511,274,33,4,3,3,#分析ノート;#効率化実験
X,demo-own-0-038,demo_own_x,2026-08-14T12:00:00Z,架空デモ 分析ノート / 効率化実験 日本語 ✨,VIDEO,752,514,276,26,5,4,4,#分析ノート;#効率化実験
INSTAGRAM,demo-own-1-038,demo_own_instagram,2026-08-14T12:00:00Z,架空デモ 分析ノート / 効率化実験 日本語 ✨,CAROUSEL,752,514,276,34,5,4,4,#分析ノート;#効率化実験
X,demo-own-0-039,demo_own_x,2026-08-15T12:00:00Z,架空デモ 分析ノート / 効率化実験 日本語 ✨,CAROUSEL,756,517,278,27,6,2,5,#分析ノート;#効率化実験
INSTAGRAM,demo-own-1-039,demo_own_instagram,2026-08-15T12:00:00Z,架空デモ 分析ノート / 効率化実験 日本語 ✨,TEXT,756,517,278,35,6,2,5,#分析ノート;#効率化実験
X,demo-own-0-040,demo_own_x,2026-08-16T12:00:00Z,架空デモ 分析ノート / 生成AI研究 日本語 ✨,TEXT,760,520,280,28,3,3,1,
INSTAGRAM,demo-own-1-040,demo_own_instagram,2026-08-16T12:00:00Z,架空デモ 分析ノート / 生成AI研究 日本語 ✨,IMAGE,760,520,280,36,3,3,1,
X,demo-own-0-041,demo_own_x,2026-08-17T12:00:00Z,架空デモ 分析ノート / 効率化実験 日本語 ✨,IMAGE,764,523,282,29,4,4,2,#分析ノート;#効率化実験
INSTAGRAM,demo-own-1-041,demo_own_instagram,2026-08-17T12:00:00Z,架空デモ 分析ノート / 効率化実験 日本語 ✨,VIDEO,764,523,282,37,4,4,2,#分析ノート;#効率化実験
X,demo-own-0-042,demo_own_x,2026-08-18T12:00:00Z,架空デモ 分析ノート / 効率化実験 日本語 ✨,VIDEO,768,526,284,30,5,2,3,#分析ノート;#効率化実験
INSTAGRAM,demo-own-1-042,demo_own_instagram,2026-08-18T12:00:00Z,架空デモ 分析ノート / 効率化実験 日本語 ✨,CAROUSEL,768,526,284,38,5,2,3,#分析ノート;#効率化実験
X,demo-own-0-043,demo_own_x,2026-08-19T12:00:00Z,架空デモ 分析ノート / 効率化実験 日本語 ✨,CAROUSEL,772,529,286,31,6,3,4,#分析ノート;#効率化実験
INSTAGRAM,demo-own-1-043,demo_own_instagram,2026-08-19T12:00:00Z,架空デモ 分析ノート / 効率化実験 日本語 ✨,TEXT,772,529,286,39,6,3,4,#分析ノート;#効率化実験
X,demo-own-0-044,demo_own_x,2026-08-20T12:00:00Z,架空デモ 分析ノート 日本語 ✨,TEXT,776,532,288,32,3,4,5,#分析ノート
INSTAGRAM,demo-own-1-044,demo_own_instagram,2026-08-20T12:00:00Z,架空デモ 分析ノート 日本語 ✨,IMAGE,776,532,288,40,3,4,5,#分析ノート
X,demo-own-0-045,demo_own_x,2026-08-21T12:00:00Z,架空デモ 分析ノート / 効率化実験 日本語 ✨,IMAGE,780,535,290,18,4,2,1,
INSTAGRAM,demo-own-1-045,demo_own_instagram,2026-08-21T12:00:00Z,架空デモ 分析ノート / 効率化実験 日本語 ✨,VIDEO,780,535,290,26,4,2,1,
X,demo-own-0-046,demo_own_x,2026-08-22T12:00:00Z,架空デモ 分析ノート / 効率化実験 日本語 ✨,VIDEO,784,538,292,19,5,3,2,#分析ノート;#効率化実験
INSTAGRAM,demo-own-1-046,demo_own_instagram,2026-08-22T12:00:00Z,架空デモ 分析ノート / 効率化実験 日本語 ✨,CAROUSEL,784,538,292,27,5,3,2,#分析ノート;#効率化実験
X,demo-own-0-047,demo_own_x,2026-08-23T12:00:00Z,架空デモ 分析ノート / 効率化実験 日本語 ✨,CAROUSEL,788,541,294,20,6,4,3,#分析ノート;#効率化実験
INSTAGRAM,demo-own-1-047,demo_own_instagram,2026-08-23T12:00:00Z,架空デモ 分析ノート / 効率化実験 日本語 ✨,TEXT,788,541,294,28,6,4,3,#分析ノート;#効率化実験
X,demo-own-0-048,demo_own_x,2026-08-24T12:00:00Z,架空デモ 分析ノート 日本語 ✨,TEXT,792,544,296,21,3,2,4,#分析ノート
INSTAGRAM,demo-own-1-048,demo_own_instagram,2026-08-24T12:00:00Z,架空デモ 分析ノート 日本語 ✨,IMAGE,792,544,296,29,3,2,4,#分析ノート
X,demo-own-0-049,demo_own_x,2026-08-25T12:00:00Z,架空デモ 分析ノート / 効率化実験 日本語 ✨,IMAGE,796,547,298,22,4,3,5,#分析ノート;#効率化実験
INSTAGRAM,demo-own-1-049,demo_own_instagram,2026-08-25T12:00:00Z,架空デモ 分析ノート / 効率化実験 日本語 ✨,VIDEO,796,547,298,30,4,3,5,#分析ノート;#効率化実験
X,demo-own-0-050,demo_own_x,2026-08-26T12:00:00Z,架空デモ 分析ノート / 効率化実験 / 生成AI研究 日本語 ✨,VIDEO,800,550,300,23,5,4,1,
INSTAGRAM,demo-own-1-050,demo_own_instagram,2026-08-26T12:00:00Z,架空デモ 分析ノート / 効率化実験 / 生成AI研究 日本語 ✨,CAROUSEL,800,550,300,31,5,4,1,
X,demo-own-0-051,demo_own_x,2026-08-27T12:00:00Z,架空デモ 分析ノート / 効率化実験 日本語 ✨,CAROUSEL,804,553,302,24,6,2,2,#分析ノート;#効率化実験
INSTAGRAM,demo-own-1-051,demo_own_instagram,2026-08-27T12:00:00Z,架空デモ 分析ノート / 効率化実験 日本語 ✨,TEXT,804,553,302,32,6,2,2,#分析ノート;#効率化実験
X,demo-own-0-052,demo_own_x,2026-08-28T12:00:00Z,架空デモ 分析ノート 日本語 ✨,TEXT,808,556,304,25,3,3,3,#分析ノート
INSTAGRAM,demo-own-1-052,demo_own_instagram,2026-08-28T12:00:00Z,架空デモ 分析ノート 日本語 ✨,IMAGE,808,556,304,33,3,3,3,#分析ノート
X,demo-own-0-053,demo_own_x,2026-08-29T12:00:00Z,架空デモ 分析ノート / 効率化実験 日本語 ✨,IMAGE,812,559,306,26,4,4,4,#分析ノート;#効率化実験
INSTAGRAM,demo-own-1-053,demo_own_instagram,2026-08-29T12:00:00Z,架空デモ 分析ノート / 効率化実験 日本語 ✨,VIDEO,812,559,306,34,4,4,4,#分析ノート;#効率化実験
X,demo-own-0-054,demo_own_x,2026-08-30T12:00:00Z,架空デモ 分析ノート / 効率化実験 日本語 ✨,VIDEO,816,562,308,27,5,2,5,#分析ノート;#効率化実験
INSTAGRAM,demo-own-1-054,demo_own_instagram,2026-08-30T12:00:00Z,架空デモ 分析ノート / 効率化実験 日本語 ✨,CAROUSEL,816,562,308,35,5,2,5,#分析ノート;#効率化実験
X,demo-own-0-055,demo_own_x,2026-08-31T12:00:00Z,架空デモ 分析ノート / 効率化実験 日本語 ✨,CAROUSEL,820,565,310,28,6,3,1,
INSTAGRAM,demo-own-1-055,demo_own_instagram,2026-08-31T12:00:00Z,架空デモ 分析ノート / 効率化実験 日本語 ✨,TEXT,820,565,310,36,6,3,1,
X,demo-own-0-056,demo_own_x,2026-09-01T12:00:00Z,架空デモ 分析ノート 日本語 ✨,TEXT,824,568,312,29,3,4,2,#分析ノート
INSTAGRAM,demo-own-1-056,demo_own_instagram,2026-09-01T12:00:00Z,架空デモ 分析ノート 日本語 ✨,IMAGE,824,568,312,37,3,4,2,#分析ノート
X,demo-own-0-057,demo_own_x,2026-09-02T12:00:00Z,架空デモ 分析ノート / 効率化実験 日本語 ✨,IMAGE,828,571,314,30,4,2,3,#分析ノート;#効率化実験
INSTAGRAM,demo-own-1-057,demo_own_instagram,2026-09-02T12:00:00Z,架空デモ 分析ノート / 効率化実験 日本語 ✨,VIDEO,828,571,314,38,4,2,3,#分析ノート;#効率化実験
X,demo-own-0-058,demo_own_x,2026-09-03T12:00:00Z,架空デモ 分析ノート / 効率化実験 日本語 ✨,VIDEO,832,574,316,31,5,3,4,#分析ノート;#効率化実験
INSTAGRAM,demo-own-1-058,demo_own_instagram,2026-09-03T12:00:00Z,架空デモ 分析ノート / 効率化実験 日本語 ✨,CAROUSEL,832,574,316,39,5,3,4,#分析ノート;#効率化実験
X,demo-own-0-059,demo_own_x,2026-09-04T12:00:00Z,架空デモ 分析ノート / 効率化実験 日本語 ✨,CAROUSEL,836,577,318,32,6,4,5,#分析ノート;#効率化実験
INSTAGRAM,demo-own-1-059,demo_own_instagram,2026-09-04T12:00:00Z,架空デモ 分析ノート / 効率化実験 日本語 ✨,TEXT,836,577,318,40,6,4,5,#分析ノート;#効率化実験
X,demo-own-0-060,demo_own_x,2026-09-05T12:00:00Z,架空デモ 分析ノート / 生成AI研究 日本語 ✨,TEXT,840,580,320,18,3,2,1,
INSTAGRAM,demo-own-1-060,demo_own_instagram,2026-09-05T12:00:00Z,架空デモ 分析ノート / 生成AI研究 日本語 ✨,IMAGE,840,580,320,26,3,2,1,
X,demo-own-0-061,demo_own_x,2026-09-06T12:00:00Z,架空デモ 分析ノート / 効率化実験 日本語 ✨,IMAGE,844,583,322,19,4,3,2,#分析ノート;#効率化実験
INSTAGRAM,demo-own-1-061,demo_own_instagram,2026-09-06T12:00:00Z,架空デモ 分析ノート / 効率化実験 日本語 ✨,VIDEO,844,583,322,27,4,3,2,#分析ノート;#効率化実験
X,demo-own-0-062,demo_own_x,2026-09-07T12:00:00Z,架空デモ 分析ノート / 効率化実験 日本語 ✨,VIDEO,848,586,324,20,5,4,3,#分析ノート;#効率化実験
INSTAGRAM,demo-own-1-062,demo_own_instagram,2026-09-07T12:00:00Z,架空デモ 分析ノート / 効率化実験 日本語 ✨,CAROUSEL,848,586,324,28,5,4,3,#分析ノート;#効率化実験
X,demo-own-0-063,demo_own_x,2026-09-08T12:00:00Z,架空デモ 分析ノート / 効率化実験 日本語 ✨,CAROUSEL,852,589,326,21,6,2,4,#分析ノート;#効率化実験
INSTAGRAM,demo-own-1-063,demo_own_instagram,2026-09-08T12:00:00Z,架空デモ 分析ノート / 効率化実験 日本語 ✨,TEXT,852,589,326,29,6,2,4,#分析ノート;#効率化実験
X,demo-own-0-064,demo_own_x,2026-09-09T12:00:00Z,架空デモ 分析ノート 日本語 ✨,TEXT,856,592,328,22,3,3,5,#分析ノート
INSTAGRAM,demo-own-1-064,demo_own_instagram,2026-09-09T12:00:00Z,架空デモ 分析ノート 日本語 ✨,IMAGE,856,592,328,30,3,3,5,#分析ノート
X,demo-own-0-065,demo_own_x,2026-09-10T12:00:00Z,架空デモ 分析ノート / 効率化実験 日本語 ✨,IMAGE,860,595,330,23,4,4,1,
INSTAGRAM,demo-own-1-065,demo_own_instagram,2026-09-10T12:00:00Z,架空デモ 分析ノート / 効率化実験 日本語 ✨,VIDEO,860,595,330,31,4,4,1,
X,demo-own-0-066,demo_own_x,2026-09-11T12:00:00Z,架空デモ 分析ノート / 効率化実験 日本語 ✨,VIDEO,864,598,332,24,5,2,2,#分析ノート;#効率化実験
INSTAGRAM,demo-own-1-066,demo_own_instagram,2026-09-11T12:00:00Z,架空デモ 分析ノート / 効率化実験 日本語 ✨,CAROUSEL,864,598,332,32,5,2,2,#分析ノート;#効率化実験
X,demo-own-0-067,demo_own_x,2026-09-12T12:00:00Z,架空デモ 分析ノート / 効率化実験 日本語 ✨,CAROUSEL,868,601,334,25,6,3,3,#分析ノート;#効率化実験
INSTAGRAM,demo-own-1-067,demo_own_instagram,2026-09-12T12:00:00Z,架空デモ 分析ノート / 効率化実験 日本語 ✨,TEXT,868,601,334,33,6,3,3,#分析ノート;#効率化実験
X,demo-own-0-068,demo_own_x,2026-09-13T12:00:00Z,架空デモ 分析ノート 日本語 ✨,TEXT,872,604,336,26,3,4,4,#分析ノート
INSTAGRAM,demo-own-1-068,demo_own_instagram,2026-09-13T12:00:00Z,架空デモ 分析ノート 日本語 ✨,IMAGE,872,604,336,34,3,4,4,#分析ノート
X,demo-own-0-069,demo_own_x,2026-09-14T12:00:00Z,架空デモ 分析ノート / 効率化実験 日本語 ✨,IMAGE,876,607,338,27,4,2,5,#分析ノート;#効率化実験
INSTAGRAM,demo-own-1-069,demo_own_instagram,2026-09-14T12:00:00Z,架空デモ 分析ノート / 効率化実験 日本語 ✨,VIDEO,876,607,338,35,4,2,5,#分析ノート;#効率化実験
X,demo-own-0-070,demo_own_x,2026-09-15T12:00:00Z,架空デモ 分析ノート / 効率化実験 / 生成AI研究 日本語 ✨,VIDEO,880,610,340,28,5,3,1,
INSTAGRAM,demo-own-1-070,demo_own_instagram,2026-09-15T12:00:00Z,架空デモ 分析ノート / 効率化実験 / 生成AI研究 日本語 ✨,CAROUSEL,880,610,340,36,5,3,1,
X,demo-own-0-071,demo_own_x,2026-09-16T12:00:00Z,架空デモ 分析ノート / 効率化実験 日本語 ✨,CAROUSEL,884,613,342,29,6,4,2,#分析ノート;#効率化実験
INSTAGRAM,demo-own-1-071,demo_own_instagram,2026-09-16T12:00:00Z,架空デモ 分析ノート / 効率化実験 日本語 ✨,TEXT,884,613,342,37,6,4,2,#分析ノート;#効率化実験
X,demo-own-0-072,demo_own_x,2026-09-17T12:00:00Z,架空デモ 分析ノート 日本語 ✨,TEXT,888,616,344,30,3,2,3,#分析ノート
INSTAGRAM,demo-own-1-072,demo_own_instagram,2026-09-17T12:00:00Z,架空デモ 分析ノート 日本語 ✨,IMAGE,888,616,344,38,3,2,3,#分析ノート
X,demo-own-0-073,demo_own_x,2026-09-18T12:00:00Z,架空デモ 分析ノート / 効率化実験 日本語 ✨,IMAGE,892,619,346,31,4,3,4,#分析ノート;#効率化実験
INSTAGRAM,demo-own-1-073,demo_own_instagram,2026-09-18T12:00:00Z,架空デモ 分析ノート / 効率化実験 日本語 ✨,VIDEO,892,619,346,39,4,3,4,#分析ノート;#効率化実験
X,demo-own-0-074,demo_own_x,2026-09-19T12:00:00Z,架空デモ 分析ノート / 効率化実験 日本語 ✨,VIDEO,896,622,348,32,5,4,5,#分析ノート;#効率化実験
INSTAGRAM,demo-own-1-074,demo_own_instagram,2026-09-19T12:00:00Z,架空デモ 分析ノート / 効率化実験 日本語 ✨,CAROUSEL,896,622,348,40,5,4,5,#分析ノート;#効率化実験
X,demo-own-0-075,demo_own_x,2026-09-20T12:00:00Z,架空デモ 分析ノート / 効率化実験 日本語 ✨,CAROUSEL,900,625,350,18,6,2,1,
INSTAGRAM,demo-own-1-075,demo_own_instagram,2026-09-20T12:00:00Z,架空デモ 分析ノート / 効率化実験 日本語 ✨,TEXT,900,625,350,26,6,2,1,
X,demo-own-0-076,demo_own_x,2026-09-21T12:00:00Z,架空デモ 分析ノート 日本語 ✨,TEXT,904,628,352,19,3,3,2,#分析ノート
INSTAGRAM,demo-own-1-076,demo_own_instagram,2026-09-21T12:00:00Z,架空デモ 分析ノート 日本語 ✨,IMAGE,904,628,352,27,3,3,2,#分析ノート
X,demo-own-0-077,demo_own_x,2026-09-22T12:00:00Z,架空デモ 分析ノート / 効率化実験 日本語 ✨,IMAGE,908,631,354,20,4,4,3,#分析ノート;#効率化実験
INSTAGRAM,demo-own-1-077,demo_own_instagram,2026-09-22T12:00:00Z,架空デモ 分析ノート / 効率化実験 日本語 ✨,VIDEO,908,631,354,28,4,4,3,#分析ノート;#効率化実験
X,demo-own-0-078,demo_own_x,2026-09-23T12:00:00Z,架空デモ 分析ノート / 効率化実験 日本語 ✨,VIDEO,912,634,356,21,5,2,4,#分析ノート;#効率化実験
INSTAGRAM,demo-own-1-078,demo_own_instagram,2026-09-23T12:00:00Z,架空デモ 分析ノート / 効率化実験 日本語 ✨,CAROUSEL,912,634,356,29,5,2,4,#分析ノート;#効率化実験
X,demo-own-0-079,demo_own_x,2026-09-24T12:00:00Z,架空デモ 分析ノート / 効率化実験 日本語 ✨,CAROUSEL,916,637,358,22,6,3,5,#分析ノート;#効率化実験
INSTAGRAM,demo-own-1-079,demo_own_instagram,2026-09-24T12:00:00Z,架空デモ 分析ノート / 効率化実験 日本語 ✨,TEXT,916,637,358,30,6,3,5,#分析ノート;#効率化実験
X,demo-own-0-080,demo_own_x,2026-09-25T12:00:00Z,架空デモ 分析ノート / 生成AI研究 日本語 ✨,TEXT,920,640,360,23,3,4,1,
INSTAGRAM,demo-own-1-080,demo_own_instagram,2026-09-25T12:00:00Z,架空デモ 分析ノート / 生成AI研究 日本語 ✨,IMAGE,920,640,360,31,3,4,1,
X,demo-own-0-081,demo_own_x,2026-09-26T12:00:00Z,架空デモ 分析ノート / 効率化実験 日本語 ✨,IMAGE,924,643,362,24,4,2,2,#分析ノート;#効率化実験
INSTAGRAM,demo-own-1-081,demo_own_instagram,2026-09-26T12:00:00Z,架空デモ 分析ノート / 効率化実験 日本語 ✨,VIDEO,924,643,362,32,4,2,2,#分析ノート;#効率化実験
X,demo-own-0-082,demo_own_x,2026-09-27T12:00:00Z,架空デモ 分析ノート / 効率化実験 日本語 ✨,VIDEO,928,646,364,25,5,3,3,#分析ノート;#効率化実験
INSTAGRAM,demo-own-1-082,demo_own_instagram,2026-09-27T12:00:00Z,架空デモ 分析ノート / 効率化実験 日本語 ✨,CAROUSEL,928,646,364,33,5,3,3,#分析ノート;#効率化実験
X,demo-own-0-083,demo_own_x,2026-09-28T12:00:00Z,架空デモ 分析ノート / 効率化実験 日本語 ✨,CAROUSEL,932,649,366,26,6,4,4,#分析ノート;#効率化実験
INSTAGRAM,demo-own-1-083,demo_own_instagram,2026-09-28T12:00:00Z,架空デモ 分析ノート / 効率化実験 日本語 ✨,TEXT,932,649,366,34,6,4,4,#分析ノート;#効率化実験
X,demo-own-0-084,demo_own_x,2026-09-29T12:00:00Z,架空デモ 分析ノート 日本語 ✨,TEXT,936,652,368,27,3,2,5,#分析ノート
INSTAGRAM,demo-own-1-084,demo_own_instagram,2026-09-29T12:00:00Z,架空デモ 分析ノート 日本語 ✨,IMAGE,936,652,368,35,3,2,5,#分析ノート
X,demo-own-0-085,demo_own_x,2026-09-30T12:00:00Z,架空デモ 分析ノート / 効率化実験 日本語 ✨,IMAGE,940,655,370,28,4,3,1,
INSTAGRAM,demo-own-1-085,demo_own_instagram,2026-09-30T12:00:00Z,架空デモ 分析ノート / 効率化実験 日本語 ✨,VIDEO,940,655,370,36,4,3,1,
X,demo-own-0-086,demo_own_x,2026-10-01T12:00:00Z,架空デモ 分析ノート / 効率化実験 日本語 ✨,VIDEO,0,0,0,0,0,0,0,#分析ノート;#効率化実験
INSTAGRAM,demo-own-1-086,demo_own_instagram,2026-10-01T12:00:00Z,架空デモ 分析ノート / 効率化実験 日本語 ✨,CAROUSEL,0,0,0,0,0,0,0,#分析ノート;#効率化実験
X,demo-own-0-087,demo_own_x,2026-10-02T12:00:00Z,架空デモ 分析ノート / 効率化実験 日本語 ✨,CAROUSEL,,,,,,,,#分析ノート;#効率化実験
INSTAGRAM,demo-own-1-087,demo_own_instagram,2026-10-02T12:00:00Z,架空デモ 分析ノート / 効率化実験 日本語 ✨,TEXT,,,,,,,,#分析ノート;#効率化実験
X,demo-own-0-088,demo_own_x,2026-10-03T12:00:00Z,架空デモ 分析ノート 日本語 ✨,TEXT,952,664,376,31,3,3,4,#分析ノート
INSTAGRAM,demo-own-1-088,demo_own_instagram,2026-10-03T12:00:00Z,架空デモ 分析ノート 日本語 ✨,IMAGE,952,664,376,39,3,3,4,#分析ノート
X,demo-own-0-089,demo_own_x,2026-10-04T12:00:00Z,架空デモ 分析ノート / 効率化実験 日本語 ✨,IMAGE,956,667,378,32,4,4,5,#分析ノート;#効率化実験
INSTAGRAM,demo-own-1-089,demo_own_instagram,2026-10-04T12:00:00Z,架空デモ 分析ノート / 効率化実験 日本語 ✨,VIDEO,956,667,378,40,4,4,5,#分析ノート;#効率化実験
